attributes.Ambience.divey,attributes.Dietary Restrictions.vegan,attributes.Happy Hour,hours.Thursday.open,attributes.Order at Counter,attributes.Hair Types Specialized In.africanamerican,attributes.Hair Types Specialized In.kids,attributes.BYOB,hours.Friday.open,categories,latitude,attributes.Outdoor Seating,attributes.Alcohol,attributes.Ambience.classy,attributes.Payment Types.mastercard,attributes.Parking.lot,business_id,attributes.Ambience.touristy,attributes.Corkage,hours.Tuesday.open,attributes.Good For.brunch,attributes.Payment Types.amex,name,hours.Monday.open,attributes.Waiter Service,attributes.Parking.street,attributes.Ambience.hipster,attributes.BYOB/Corkage,attributes.Hair Types Specialized In.straightperms,attributes.Music.live,attributes.Dietary Restrictions.dairy-free,attributes.Music.background_music,attributes.Good For.dinner,attributes.Good For.breakfast,attributes.Parking.garage,attributes.Music.karaoke,attributes.Good For Dancing,review_count,attributes.Hair Types Specialized In.asian,state,attributes.Accepts Credit Cards,hours.Friday.close,attributes.Good For.lunch,attributes.Good For Kids,attributes.Parking.valet,attributes.Take-out,full_address,hours.Thursday.close,attributes.Hair Types Specialized In.coloring,attributes.Payment Types.cash_only,attributes.Good For.dessert,attributes.Music.video,attributes.Dietary Restrictions.halal,attributes.Takes Reservations,hours.Saturday.open,attributes.Ages Allowed,attributes.Ambience.trendy,attributes.Delivery,hours.Wednesday.close,attributes.Wi-Fi,open,city,attributes.Payment Types.discover,attributes.Wheelchair Accessible,attributes.Dietary Restrictions.gluten-free,stars,attributes.Payment Types.visa,type,attributes.Caters,attributes.Ambience.intimate,attributes.Music.playlist,attributes.Good For.latenight,attributes.Price Range,attributes.Coat Check,longitude,hours.Monday.close,attributes.Hair Types Specialized In.extensions,hours.Tuesday.close,hours.Saturday.close,attributes.Good for Kids,attributes.Parking.validated,hours.Sunday.open,attributes.Accepts Insurance,attributes.Music.dj,attributes.Dietary Restrictions.soy-free,attributes.Has TV,hours.Sunday.close,attributes.Ambience.casual,attributes.By Appointment Only,attributes.Dietary Restrictions.kosher,attributes.Dogs Allowed,attributes.Drive-Thru,attributes.Dietary Restrictions.vegetarian,hours.Wednesday.open,attributes.Noise Level,attributes.Smoking,attributes.Attire,attributes.Hair Types Specialized In.curly,attributes.Good For Groups,neighborhoods,attributes.Open 24 Hours,attributes.Ambience.romantic,attributes.Hair Types Specialized In.perms,attributes.Music.jukebox,attributes.Ambience.upscale
NA,NA,NA,8:00,NA,NA,NA,NA,8:00,"[u'Doctors', u'Health & Medical']",33.499313,NA,NA,NA,NA,NA,vcNAWiLM4dR7D2nwwJ7nCA,NA,NA,8:00,NA,NA,"Eric Goldberg, MD",8:00,NA,NA,NA,NA,NA,NA,NA,NA,NA,NA,NA,NA,NA,9,NA,AZ,NA,17:00,NA,NA,NA,NA,"4840 E Indian School Rd
Ste 101
Phoenix, AZ 85018",17:00,NA,NA,NA,NA,NA,NA,NA,NA,NA,NA,17:00,NA,TRUE,Phoenix,NA,NA,NA,3.5,NA,business,NA,NA,NA,NA,NA,NA,-111.983758,17:00,NA,17:00,NA,NA,NA,NA,NA,NA,NA,NA,NA,NA,TRUE,NA,NA,NA,NA,8:00,NA,NA,NA,NA,NA,[],NA,NA,NA,NA,NA
NA,NA,TRUE,NA,NA,NA,NA,NA,NA,[u'Nightlife'],40.350519,FALSE,NA,NA,NA,NA,UsFtqoBl7naz8AVUBZMjQQ,NA,NA,NA,NA,NA,Clancy's Pub,NA,NA,NA,NA,NA,NA,NA,NA,NA,NA,NA,NA,NA,NA,4,NA,PA,TRUE,NA,NA,NA,NA,NA,"202 McClure St
Dravosburg, PA 15034",NA,NA,NA,NA,NA,NA,NA,NA,NA,NA,NA,NA,NA,TRUE,Dravosburg,NA,NA,NA,3.5,NA,business,NA,NA,NA,NA,1,NA,-79.88693,NA,NA,NA,NA,NA,NA,NA,NA,NA,NA,NA,NA,NA,NA,NA,NA,NA,NA,NA,NA,NA,NA,NA,TRUE,[],NA,NA,NA,NA,NA
NA,NA,NA,NA,NA,NA,NA,NA,NA,"[u'Active Life', u'Mini Golf', u'Golf']",40.3568962,NA,NA,NA,NA,NA,cE27W9VPgO88Qxe4ol6y_g,NA,NA,NA,NA,NA,Cool Springs Golf Center,NA,NA,NA,NA,NA,NA,NA,NA,NA,NA,NA,NA,NA,NA,5,NA,PA,NA,NA,NA,NA,NA,NA,"1530 Hamilton Rd
Bethel Park, PA 15234",NA,NA,NA,NA,NA,NA,NA,NA,NA,NA,NA,NA,NA,FALSE,Bethel Park,NA,NA,NA,2.5,NA,business,NA,NA,NA,NA,NA,NA,-80.01591,NA,NA,NA,NA,TRUE,NA,NA,NA,NA,NA,NA,NA,NA,NA,NA,NA,NA,NA,NA,NA,NA,NA,NA,NA,[],NA,NA,NA,NA,NA
NA,NA,NA,10:00,NA,NA,NA,NA,10:00,"[u'Shopping', u'Home Services', u'Internet Service Providers', u'Mobile Phones', u'Professional Services', u'Electronics']",40.35762,NA,NA,NA,NA,NA,HZdLhv6COCleJMo7nPl-RA,NA,NA,10:00,NA,NA,Verizon Wireless,10:00,NA,NA,NA,NA,NA,NA,NA,NA,NA,NA,NA,NA,NA,3,NA,PA,NA,21:00,NA,NA,NA,NA,"301 S Hills Vlg
Pittsburgh, PA 15241",21:00,NA,NA,NA,NA,NA,NA,10:00,NA,NA,NA,21:00,NA,TRUE,Pittsburgh,NA,NA,NA,3.5,NA,business,NA,NA,NA,NA,NA,NA,-80.05998,21:00,NA,21:00,21:00,NA,NA,11:00,NA,NA,NA,NA,18:00,NA,NA,NA,NA,NA,NA,10:00,NA,NA,NA,NA,NA,[],NA,NA,NA,NA,NA
FALSE,NA,FALSE,10:00,NA,NA,NA,NA,10:00,"[u'Bars', u'American (New)', u'Nightlife', u'Lounges', u'Restaurants']",40.408735,FALSE,full_bar,FALSE,NA,FALSE,mVHrayjG3uZ_RLHkLj-AMg,FALSE,NA,10:00,FALSE,NA,Emil's Lounge,NA,TRUE,FALSE,FALSE,NA,NA,NA,NA,NA,FALSE,FALSE,FALSE,NA,FALSE,11,NA,PA,TRUE,20:00,FALSE,NA,FALSE,TRUE,"414 Hawkins Ave
Braddock, PA 15104",19:00,NA,NA,FALSE,NA,NA,FALSE,10:00,NA,FALSE,FALSE,19:00,no,TRUE,Braddock,NA,NA,NA,4.5,NA,business,TRUE,FALSE,NA,FALSE,1,FALSE,-79.8663507,NA,NA,19:00,16:00,TRUE,FALSE,NA,NA,FALSE,NA,TRUE,NA,FALSE,NA,NA,NA,NA,NA,10:00,average,no,casual,NA,TRUE,[],NA,FALSE,NA,NA,FALSE
FALSE,NA,TRUE,NA,NA,NA,NA,NA,NA,"[u'Bars', u'American (Traditional)', u'Nightlife', u'Restaurants']",40.415517,TRUE,full_bar,FALSE,NA,TRUE,KayYbHCt-RkbGcPdGOThNg,FALSE,NA,NA,FALSE,NA,Alexion's Bar & Grill,NA,TRUE,FALSE,FALSE,NA,NA,NA,NA,NA,TRUE,FALSE,FALSE,NA,TRUE,15,NA,PA,TRUE,NA,FALSE,NA,FALSE,TRUE,"141 Hawthorne St
Greentree
Carnegie, PA 15106",NA,NA,NA,FALSE,NA,NA,FALSE,NA,NA,FALSE,FALSE,NA,free,TRUE,Carnegie,NA,NA,NA,4,NA,business,FALSE,FALSE,NA,FALSE,1,FALSE,-80.067534,NA,NA,NA,NA,FALSE,FALSE,NA,NA,FALSE,NA,TRUE,NA,TRUE,NA,NA,NA,NA,NA,NA,loud,outdoor,casual,NA,TRUE,[u'Greentree'],NA,FALSE,NA,NA,FALSE
NA,NA,NA,NA,NA,NA,NA,NA,NA,"[u'Auto Repair', u'Automotive']",40.394588,NA,NA,NA,NA,NA,b12U9TFESStdy7CsTtcOeg,NA,NA,NA,NA,NA,Flynn's E W Tire Service Center,NA,NA,NA,NA,NA,NA,NA,NA,NA,NA,NA,NA,NA,NA,5,NA,PA,NA,NA,NA,NA,NA,NA,"718 Hope Hollow Rd
Carnegie, PA 15106",NA,NA,NA,NA,NA,NA,NA,NA,NA,NA,NA,NA,NA,TRUE,Carnegie,NA,NA,NA,1.5,NA,business,NA,NA,NA,NA,NA,NA,-80.0844539,NA,NA,NA,NA,NA,NA,NA,NA,NA,NA,NA,NA,NA,NA,NA,NA,NA,NA,NA,NA,NA,NA,NA,NA,[],NA,NA,NA,NA,NA
NA,NA,NA,NA,NA,NA,NA,NA,NA,"[u'Active Life', u'Mini Golf']",40.4054039,NA,NA,NA,NA,NA,Sktj1eHQFuVa-M4bgnEh8g,NA,NA,NA,NA,NA,Forsythe Miniature Golf & Snacks,NA,NA,NA,NA,NA,NA,NA,NA,NA,NA,NA,NA,NA,NA,4,NA,PA,NA,NA,NA,NA,NA,NA,"920 Forsythe Rd
Carnegie
Carnegie, PA 15106",NA,NA,NA,NA,NA,NA,NA,NA,NA,NA,NA,NA,NA,TRUE,Carnegie,NA,NA,NA,4,NA,business,NA,NA,NA,NA,NA,NA,-80.0762665,NA,NA,NA,NA,TRUE,NA,NA,NA,NA,NA,NA,NA,NA,NA,NA,NA,NA,NA,NA,NA,NA,NA,NA,NA,[u'Carnegie'],NA,NA,NA,NA,NA
NA,NA,NA,NA,NA,NA,NA,NA,NA,"[u'Home Services', u'Contractors']",40.406324,NA,NA,NA,NA,NA,3ZVKmuK2l7uXPE6lXY4Dbg,NA,NA,NA,NA,NA,Quaker State Construction,NA,NA,NA,NA,NA,NA,NA,NA,NA,NA,NA,NA,NA,NA,3,NA,PA,NA,NA,NA,NA,NA,NA,"8 Logan St
Carnegie
Carnegie, PA 15106",NA,NA,NA,NA,NA,NA,NA,NA,NA,NA,NA,NA,NA,TRUE,Carnegie,NA,NA,NA,2.5,NA,business,NA,NA,NA,NA,NA,NA,-80.090357,NA,NA,NA,NA,NA,NA,NA,NA,NA,NA,NA,NA,NA,NA,NA,NA,NA,NA,NA,NA,NA,NA,NA,NA,[u'Carnegie'],NA,NA,NA,NA,NA
NA,NA,NA,8:00,NA,NA,NA,NA,8:00,"[u'Burgers', u'Breakfast & Brunch', u'American (Traditional)', u'Restaurants']",40.3877323,FALSE,none,NA,NA,FALSE,wJr6kSA5dchdgOdwH6dZ2w,NA,NA,8:00,FALSE,NA,Kings Family Restaurant,8:00,TRUE,FALSE,NA,NA,NA,NA,NA,NA,FALSE,FALSE,FALSE,NA,NA,8,NA,PA,TRUE,2:00,FALSE,NA,FALSE,TRUE,"2100 Washington Pike
Carnegie, PA 15106",2:00,NA,NA,FALSE,NA,NA,FALSE,8:00,NA,NA,FALSE,2:00,NA,TRUE,Carnegie,NA,TRUE,NA,3.5,NA,business,NA,NA,NA,FALSE,1,NA,-80.0928745,2:00,NA,2:00,2:00,TRUE,FALSE,8:00,NA,NA,NA,NA,2:00,NA,NA,NA,NA,FALSE,NA,8:00,NA,NA,casual,NA,TRUE,[],NA,NA,NA,NA,NA
NA,NA,NA,NA,NA,NA,NA,NA,NA,"[u'Food', u'Grocery']",40.3877323,NA,NA,NA,NA,TRUE,yXuao0pFz1AxB21vJjDf5w,NA,NA,NA,NA,NA,Shop N'save,NA,NA,FALSE,NA,NA,NA,NA,NA,NA,NA,NA,FALSE,NA,NA,3,NA,PA,TRUE,NA,NA,NA,FALSE,NA,"2100 Washington Pike
Carnegie, PA 15106",NA,NA,NA,NA,NA,NA,NA,NA,NA,NA,NA,NA,NA,TRUE,Carnegie,NA,TRUE,NA,3.5,NA,business,NA,NA,NA,NA,3,NA,-80.0928745,NA,NA,NA,NA,NA,FALSE,NA,NA,NA,NA,NA,NA,NA,NA,NA,NA,NA,NA,NA,NA,NA,NA,NA,NA,[],NA,NA,NA,NA,NA
FALSE,NA,NA,NA,NA,NA,NA,NA,NA,"[u'Bars', u'American (Traditional)', u'Nightlife', u'Lounges', u'Restaurants']",40.3964688,FALSE,full_bar,FALSE,NA,FALSE,fNGIbpazjTRdXgwRY_NIXA,FALSE,NA,NA,FALSE,NA,Rocky's Lounge,NA,TRUE,FALSE,FALSE,NA,NA,FALSE,NA,TRUE,FALSE,FALSE,FALSE,FALSE,FALSE,5,NA,PA,TRUE,NA,FALSE,NA,FALSE,FALSE,"1201 Washington Ave
Carnegie, PA 15106",NA,NA,NA,FALSE,FALSE,NA,FALSE,NA,NA,FALSE,FALSE,NA,NA,TRUE,Carnegie,NA,FALSE,NA,4,NA,business,FALSE,FALSE,NA,FALSE,2,FALSE,-80.0849416,NA,NA,NA,NA,TRUE,FALSE,NA,NA,FALSE,NA,TRUE,NA,FALSE,NA,NA,NA,NA,NA,NA,average,no,casual,NA,TRUE,[],NA,FALSE,NA,FALSE,FALSE
TRUE,NA,NA,6:00,TRUE,NA,NA,FALSE,6:00,"[u'Breakfast & Brunch', u'Restaurants']",40.3967441,FALSE,none,FALSE,NA,TRUE,b9WZJp5L1RZr4F1nxclOoQ,FALSE,FALSE,6:00,FALSE,NA,Gab & Eat,6:00,TRUE,FALSE,FALSE,yes_free,NA,NA,NA,NA,FALSE,TRUE,FALSE,NA,NA,38,NA,PA,FALSE,14:30,FALSE,TRUE,FALSE,TRUE,"1073 Washington Ave
Carnegie, PA 15106",14:30,NA,NA,FALSE,NA,NA,FALSE,6:00,NA,FALSE,FALSE,14:30,no,TRUE,Carnegie,NA,FALSE,NA,4.5,NA,business,TRUE,FALSE,NA,FALSE,1,NA,-80.0847998,14:30,NA,14:30,12:30,TRUE,FALSE,7:00,NA,NA,NA,TRUE,12:30,TRUE,NA,NA,NA,NA,NA,6:00,average,NA,casual,NA,FALSE,[],NA,FALSE,NA,NA,FALSE
FALSE,NA,NA,NA,NA,NA,NA,NA,NA,"[u'Cafes', u'Restaurants']",40.404638,FALSE,none,FALSE,NA,FALSE,zaXDakTd3RXyOa7sMrUE1g,FALSE,NA,NA,TRUE,NA,Barb's Country Junction Cafe,NA,TRUE,FALSE,FALSE,NA,NA,NA,NA,NA,FALSE,FALSE,FALSE,NA,NA,5,NA,PA,TRUE,NA,FALSE,NA,FALSE,TRUE,"202 3rd Ave
Carnegie
Carnegie, PA 15106",NA,NA,NA,FALSE,NA,NA,FALSE,NA,NA,FALSE,FALSE,NA,NA,TRUE,Carnegie,NA,NA,NA,4,NA,business,NA,FALSE,NA,FALSE,1,NA,-80.089985,NA,NA,NA,NA,TRUE,FALSE,NA,NA,NA,NA,FALSE,NA,FALSE,NA,NA,NA,NA,NA,NA,average,NA,casual,NA,TRUE,[u'Carnegie'],NA,FALSE,NA,NA,FALSE
NA,NA,NA,0:00,NA,NA,NA,NA,0:00,"[u'Hotels & Travel', u'Event Planning & Services', u'Hotels']",40.417419,NA,NA,NA,NA,NA,zgy27FSnvwdINfk5cXBIyQ,NA,NA,0:00,NA,NA,Extended Stay America - Pittsburgh - Carnegie,0:00,NA,NA,NA,NA,NA,NA,NA,NA,NA,NA,NA,NA,NA,5,NA,PA,TRUE,0:00,NA,NA,NA,NA,"520 North Bell Avenue
Carnegie
Carnegie, PA 15106",0:00,NA,NA,NA,NA,NA,NA,0:00,NA,NA,NA,0:00,free,TRUE,Carnegie,NA,NA,NA,4,NA,business,NA,NA,NA,NA,2,NA,-80.088557,0:00,NA,0:00,0:00,NA,NA,0:00,NA,NA,NA,NA,0:00,NA,NA,NA,NA,NA,NA,0:00,NA,NA,NA,NA,NA,[u'Carnegie'],NA,NA,NA,NA,NA
FALSE,NA,NA,NA,NA,NA,NA,NA,NA,"[u'Pubs', u'Irish', u'Nightlife', u'Bars', u'Restaurants']",40.40867,TRUE,full_bar,FALSE,NA,FALSE,WETE_LykpcnrC1sFcQ5EGg,FALSE,NA,NA,FALSE,NA,Paddy's Pour House,NA,TRUE,TRUE,FALSE,NA,NA,TRUE,NA,FALSE,TRUE,FALSE,FALSE,FALSE,FALSE,6,NA,PA,TRUE,NA,FALSE,NA,FALSE,TRUE,"215 E Main St
Carnegie
Carnegie, PA 15106",NA,NA,NA,FALSE,FALSE,NA,FALSE,NA,NA,FALSE,FALSE,NA,NA,FALSE,Carnegie,NA,NA,NA,3.5,NA,business,NA,FALSE,NA,TRUE,2,FALSE,-80.085279,NA,NA,NA,NA,FALSE,FALSE,NA,NA,FALSE,NA,TRUE,NA,FALSE,NA,NA,NA,NA,NA,NA,average,NA,casual,NA,TRUE,[u'Carnegie'],NA,FALSE,NA,FALSE,FALSE
NA,NA,NA,NA,NA,NA,NA,NA,NA,[],40.4085677,NA,NA,NA,NA,NA,6o3RK6rTcN3nw-j-r2nQmA,NA,NA,NA,NA,NA,Porto Fino Pizzaria & Gyro,NA,NA,NA,NA,NA,NA,NA,NA,NA,NA,NA,NA,NA,NA,4,NA,PA,NA,NA,NA,NA,NA,NA,"231 E Main St
Carnegie
Carnegie, PA 15106",NA,NA,NA,NA,NA,NA,NA,NA,NA,NA,NA,NA,NA,TRUE,Carnegie,NA,NA,NA,2.5,NA,business,NA,NA,NA,NA,NA,NA,-80.0849924,NA,NA,NA,NA,NA,NA,NA,NA,NA,NA,NA,NA,NA,NA,NA,NA,NA,NA,NA,NA,NA,NA,NA,NA,[u'Carnegie'],NA,NA,NA,NA,NA
NA,NA,NA,8:30,NA,NA,NA,NA,8:30,"[u'Local Services', u'Sewing & Alterations']",40.4078889,NA,NA,NA,NA,NA,woOVJ0Z2f6XNCDntHA3b_g,NA,NA,8:30,NA,NA,Alteration World,8:30,NA,NA,NA,NA,NA,NA,NA,NA,NA,NA,NA,NA,NA,5,NA,PA,FALSE,19:00,NA,NA,NA,NA,"117 E Mall Plz
Carnegie
Carnegie, PA 15106",19:00,NA,NA,NA,NA,NA,NA,8:30,NA,NA,NA,19:00,NA,TRUE,Carnegie,NA,NA,NA,5,NA,business,NA,NA,NA,NA,NA,NA,-80.08606,19:00,NA,19:00,18:30,NA,NA,NA,NA,NA,NA,NA,NA,NA,NA,NA,NA,NA,NA,8:30,NA,NA,NA,NA,NA,[u'Carnegie'],NA,NA,NA,NA,NA
FALSE,NA,NA,NA,NA,NA,NA,NA,NA,[u'Restaurants'],40.3868915,FALSE,none,FALSE,NA,FALSE,rv7CY8G_XibTx82YhuqQRw,FALSE,NA,NA,NA,NA,Long John Silver's,NA,FALSE,FALSE,FALSE,NA,NA,NA,NA,NA,NA,NA,FALSE,NA,NA,3,NA,PA,TRUE,NA,NA,NA,FALSE,TRUE,"Raceway Plz
Carnegie, PA 15106",NA,NA,NA,NA,NA,NA,FALSE,NA,NA,FALSE,FALSE,NA,no,TRUE,Carnegie,NA,TRUE,NA,3.5,NA,business,FALSE,FALSE,NA,NA,1,NA,-80.0937037,NA,NA,NA,NA,TRUE,FALSE,NA,NA,NA,NA,FALSE,NA,FALSE,NA,NA,NA,NA,NA,NA,average,NA,casual,NA,TRUE,[],NA,FALSE,NA,NA,FALSE
NA,NA,NA,NA,NA,NA,NA,NA,NA,"[u'Health & Medical', u'Dentists', u'General Dentistry']",40.39076,NA,NA,NA,NA,NA,e_U_FnpdKVgNb4mUN2cU_Q,NA,NA,NA,NA,NA,"Weinberg Lisa, DMD",NA,NA,NA,NA,NA,NA,NA,NA,NA,NA,NA,NA,NA,NA,6,NA,PA,NA,NA,NA,NA,NA,NA,"2323 Greentree Rd
Carnegie, PA 15106",NA,NA,NA,NA,NA,NA,NA,NA,NA,NA,NA,NA,NA,TRUE,Carnegie,NA,NA,NA,2,NA,business,NA,NA,NA,NA,NA,NA,-80.078657,NA,NA,NA,NA,NA,NA,NA,NA,NA,NA,NA,NA,NA,TRUE,NA,NA,NA,NA,NA,NA,NA,NA,NA,NA,[],NA,NA,NA,NA,NA
NA,NA,NA,NA,NA,NA,NA,NA,NA,"[u'Chinese', u'Restaurants']",40.408343,FALSE,none,NA,NA,FALSE,SQ0j7bgSTazkVQlF5AnqyQ,NA,NA,NA,NA,NA,Don Don Chinese Restaurant,NA,FALSE,FALSE,NA,NA,NA,NA,NA,NA,NA,NA,FALSE,NA,NA,8,NA,PA,NA,NA,NA,NA,FALSE,TRUE,"214 E Main St
Carnegie
Carnegie, PA 15106",NA,NA,NA,NA,NA,NA,NA,NA,NA,NA,TRUE,NA,NA,TRUE,Carnegie,NA,NA,NA,2.5,NA,business,NA,NA,NA,NA,1,NA,-80.084861,NA,NA,NA,NA,NA,FALSE,NA,NA,NA,NA,TRUE,NA,NA,NA,NA,NA,NA,NA,NA,quiet,NA,casual,NA,FALSE,[u'Carnegie'],NA,NA,NA,NA,NA
FALSE,NA,NA,NA,NA,NA,NA,NA,NA,"[u'Breakfast & Brunch', u'American (Traditional)', u'Restaurants']",40.391255,FALSE,none,FALSE,NA,FALSE,wqu7ILomIOPSduRwoWp4AQ,FALSE,NA,NA,TRUE,NA,Denny's,NA,TRUE,FALSE,FALSE,NA,NA,NA,NA,NA,FALSE,TRUE,FALSE,NA,NA,7,NA,PA,TRUE,NA,FALSE,NA,FALSE,TRUE,"2180 Greentree Rd
Pittsburgh, PA 15220",NA,NA,NA,FALSE,NA,NA,FALSE,NA,NA,FALSE,FALSE,NA,no,TRUE,Pittsburgh,NA,NA,NA,4,NA,business,FALSE,FALSE,NA,FALSE,1,NA,-80.073426,NA,NA,NA,NA,TRUE,FALSE,NA,NA,NA,NA,FALSE,NA,FALSE,NA,NA,NA,NA,NA,NA,average,NA,casual,NA,TRUE,[],NA,FALSE,NA,NA,FALSE
NA,NA,NA,NA,NA,NA,NA,NA,NA,"[u'Active Life', u'Gyms', u'Trainers', u'Fitness & Instruction']",40.394305,NA,NA,NA,NA,NA,1u2NauOy8xDj7aFQET680A,NA,NA,NA,NA,NA,Amerifit,NA,NA,NA,NA,NA,NA,NA,NA,NA,NA,NA,NA,NA,NA,5,NA,PA,NA,NA,NA,NA,NA,NA,"100 Roessler Rd
Carnegie, PA 15106",NA,NA,NA,NA,NA,NA,NA,NA,NA,NA,NA,NA,NA,TRUE,Carnegie,NA,NA,NA,2.5,NA,business,NA,NA,NA,NA,NA,NA,-80.060154,NA,NA,NA,NA,NA,NA,NA,NA,NA,NA,NA,NA,NA,NA,NA,NA,NA,NA,NA,NA,NA,NA,NA,NA,[],NA,NA,NA,NA,NA
FALSE,NA,NA,11:00,NA,NA,NA,NA,11:00,"[u'Restaurants', u'Italian']",40.4082572,TRUE,full_bar,FALSE,NA,TRUE,P1fJb2WQ1mXoiudj8UE44w,FALSE,NA,11:00,FALSE,NA,Papa J's,11:00,TRUE,TRUE,FALSE,NA,NA,NA,NA,NA,TRUE,FALSE,FALSE,NA,NA,46,NA,PA,TRUE,23:00,FALSE,NA,FALSE,TRUE,"200 E Main St
Carnegie
Carnegie, PA 15106",22:00,NA,NA,FALSE,NA,NA,TRUE,11:00,NA,FALSE,FALSE,22:00,no,TRUE,Carnegie,NA,TRUE,NA,3.5,NA,business,TRUE,FALSE,NA,FALSE,2,NA,-80.0854582,22:00,NA,22:00,23:00,TRUE,FALSE,11:00,NA,NA,NA,TRUE,21:00,TRUE,NA,NA,NA,NA,NA,11:00,quiet,NA,casual,NA,TRUE,[u'Carnegie'],NA,FALSE,NA,NA,FALSE
NA,NA,NA,9:00,NA,NA,NA,NA,9:00,"[u'Health & Medical', u'Periodontists', u'Dentists', u'Orthodontists']",40.47045734,NA,NA,NA,NA,NA,xxWFOD46ubTSF3nPRM19BA,NA,NA,9:00,NA,NA,Emmert Dental Associates,9:00,NA,NA,NA,NA,NA,NA,NA,NA,NA,NA,NA,NA,NA,3,NA,PA,NA,18:00,NA,NA,NA,NA,"1730 Settlers Ridge Center Dr
Pittsburgh, PA 15136",21:00,NA,NA,NA,NA,NA,NA,8:00,NA,NA,NA,21:00,NA,TRUE,Pittsburgh,NA,NA,NA,1,NA,business,NA,NA,NA,NA,NA,NA,-80.08895874,21:00,NA,21:00,15:00,NA,NA,NA,NA,NA,NA,NA,NA,NA,TRUE,NA,NA,NA,NA,9:00,NA,NA,NA,NA,NA,[],NA,NA,NA,NA,NA
FALSE,NA,NA,NA,NA,NA,NA,NA,NA,"[u'Burgers', u'Fast Food', u'Restaurants']",40.412086,TRUE,none,FALSE,NA,FALSE,PK6aSizckHFWk8i0oxt5DA,FALSE,NA,NA,FALSE,NA,McDonald's,NA,FALSE,FALSE,FALSE,NA,NA,NA,NA,NA,FALSE,FALSE,FALSE,NA,NA,5,NA,PA,TRUE,NA,FALSE,NA,FALSE,TRUE,"400 Waterfront Dr E
Homestead
Homestead, PA 15120",NA,NA,NA,FALSE,NA,NA,FALSE,NA,NA,FALSE,FALSE,NA,free,TRUE,Homestead,NA,NA,NA,2,NA,business,FALSE,FALSE,NA,FALSE,1,NA,-79.910032,NA,NA,NA,NA,TRUE,FALSE,NA,NA,NA,NA,FALSE,NA,FALSE,NA,NA,NA,TRUE,NA,NA,average,NA,casual,NA,TRUE,[u'Homestead'],NA,FALSE,NA,NA,FALSE
NA,NA,NA,NA,NA,NA,NA,NA,NA,[u'Restaurants'],40.4116918,NA,beer_and_wine,NA,NA,FALSE,sRqB6flj3GtTZIZJQxf_oA,NA,NA,NA,NA,NA,Eat'n Park Hospitality Group,NA,NA,FALSE,NA,NA,NA,NA,NA,NA,NA,NA,FALSE,NA,NA,3,NA,PA,NA,NA,NA,NA,FALSE,NA,"285 Waterfront Dr E
Homestead
Homestead, PA 15120",NA,NA,NA,NA,NA,NA,NA,NA,NA,NA,NA,NA,NA,TRUE,Homestead,NA,NA,NA,2.5,NA,business,NA,NA,NA,NA,NA,NA,-79.9123428,NA,NA,NA,NA,NA,FALSE,NA,NA,NA,NA,NA,NA,NA,NA,NA,NA,NA,NA,NA,very_loud,NA,casual,NA,NA,[u'Homestead'],NA,NA,NA,NA,NA
NA,NA,NA,NA,NA,NA,NA,NA,NA,"[u'Food', u'Coffee & Tea']",40.407091,TRUE,NA,NA,NA,FALSE,3gmBc0qN_LtGbZAjTtHWZg,NA,NA,NA,NA,NA,Starbucks,NA,NA,TRUE,NA,NA,NA,NA,NA,NA,NA,NA,FALSE,NA,NA,16,NA,PA,TRUE,NA,NA,NA,FALSE,NA,"270 W Bridge St
Homestead
Homestead, PA 15120",NA,NA,NA,NA,NA,NA,NA,NA,NA,NA,NA,NA,free,TRUE,Homestead,NA,TRUE,NA,3.5,NA,business,NA,NA,NA,NA,2,NA,-79.916958,NA,NA,NA,NA,NA,FALSE,NA,NA,NA,NA,NA,NA,NA,NA,NA,NA,NA,NA,NA,NA,NA,NA,NA,NA,[u'Homestead'],NA,NA,NA,NA,NA
NA,NA,NA,9:00,NA,NA,NA,NA,9:00,"[u'Arts & Crafts', u'Shopping', u'Knitting Supplies', u'Hobby Shops']",40.4140637,NA,NA,NA,NA,TRUE,yHTLTr-QN-loO_7XoxS8qg,NA,NA,9:00,NA,NA,Michaels,9:00,NA,TRUE,NA,NA,NA,NA,NA,NA,NA,NA,FALSE,NA,NA,8,NA,PA,TRUE,22:00,NA,NA,FALSE,NA,"660 Waterfront Dr E
Homestead
Munhall, PA 15120",22:00,NA,NA,NA,NA,NA,NA,9:00,NA,NA,NA,22:00,NA,TRUE,Munhall,NA,NA,NA,3,NA,business,NA,NA,NA,NA,2,NA,-79.9037778,22:00,NA,22:00,22:00,NA,FALSE,10:00,NA,NA,NA,NA,21:00,NA,NA,NA,NA,NA,NA,9:00,NA,NA,NA,NA,NA,[u'Homestead'],NA,NA,NA,NA,NA
FALSE,NA,NA,0:00,NA,NA,NA,NA,0:00,"[u'Burgers', u'Fast Food', u'Restaurants']",40.413496,FALSE,none,FALSE,NA,TRUE,6ilJq_05xRgek_8qUp36-g,FALSE,NA,0:00,FALSE,NA,Steak 'n Shake,0:00,TRUE,FALSE,FALSE,NA,NA,NA,NA,NA,FALSE,FALSE,FALSE,NA,NA,36,NA,PA,TRUE,0:00,FALSE,TRUE,FALSE,TRUE,"650 E  Waterfront Dr
Homestead
Munhall, PA 15120",0:00,NA,NA,FALSE,NA,NA,FALSE,0:00,NA,FALSE,FALSE,0:00,no,TRUE,Munhall,NA,TRUE,NA,2,NA,business,FALSE,FALSE,NA,TRUE,1,NA,-79.9044562,0:00,NA,0:00,0:00,TRUE,FALSE,0:00,NA,NA,NA,FALSE,0:00,TRUE,NA,NA,NA,TRUE,NA,0:00,average,NA,casual,NA,TRUE,[u'Homestead'],NA,FALSE,NA,NA,FALSE
NA,NA,NA,NA,NA,NA,NA,NA,NA,"[u'Department Stores', u'Fashion', u'Shopping']",40.4116978,NA,NA,NA,NA,FALSE,57HN9fGRar_GckBmgHgemA,NA,NA,NA,NA,NA,Filene's Basement,NA,NA,FALSE,NA,NA,NA,NA,NA,NA,NA,NA,FALSE,NA,NA,6,NA,PA,NA,NA,NA,NA,FALSE,NA,"280 Waterfront Dr E
Homestead
Homestead, PA 15120",NA,NA,NA,NA,NA,NA,NA,NA,NA,NA,NA,NA,NA,FALSE,Homestead,NA,TRUE,NA,4,NA,business,NA,NA,NA,NA,2,NA,-79.9124082,NA,NA,NA,NA,NA,FALSE,NA,NA,NA,NA,NA,NA,NA,NA,NA,NA,NA,NA,NA,NA,NA,NA,NA,NA,[u'Homestead'],NA,NA,NA,NA,NA
FALSE,NA,TRUE,18:00,NA,NA,NA,NA,18:00,"[u'Bars', u'Nightlife', u'Restaurants']",40.4094884,FALSE,full_bar,FALSE,NA,TRUE,MKyk4F4HSzHF8v-4cYe3Ww,FALSE,NA,NA,FALSE,NA,Sing Sing,NA,TRUE,FALSE,FALSE,NA,NA,TRUE,NA,FALSE,FALSE,FALSE,FALSE,FALSE,TRUE,25,NA,PA,TRUE,2:00,FALSE,NA,FALSE,FALSE,"171 E Bridge St
Homestead
Homestead, PA 15120",2:00,NA,NA,FALSE,FALSE,NA,TRUE,18:00,NA,FALSE,FALSE,NA,no,TRUE,Homestead,NA,TRUE,NA,3.5,NA,business,FALSE,FALSE,NA,TRUE,2,FALSE,-79.9151108,NA,NA,NA,2:00,FALSE,FALSE,NA,NA,FALSE,NA,FALSE,NA,TRUE,NA,NA,NA,NA,NA,NA,very_loud,no,casual,NA,TRUE,[u'Homestead'],NA,FALSE,NA,FALSE,FALSE
NA,NA,NA,8:00,NA,NA,NA,NA,8:00,"[u'Automotive', u'Body Shops']",40.40682,NA,NA,NA,NA,NA,0hrB2iwQZ52VZcZWYywXrA,NA,NA,8:00,NA,NA,Joe Dilorio's Auto Body Shop,8:00,NA,NA,NA,NA,NA,NA,NA,NA,NA,NA,NA,NA,NA,9,NA,PA,NA,16:30,NA,NA,NA,NA,"101 E 7th Ave
Homestead
Homestead, PA 15120",16:30,NA,NA,NA,NA,NA,NA,NA,NA,NA,NA,16:30,NA,TRUE,Homestead,NA,NA,NA,4.5,NA,business,NA,NA,NA,NA,NA,NA,-79.912788,16:30,NA,16:30,NA,NA,NA,NA,NA,NA,NA,NA,NA,NA,NA,NA,NA,NA,NA,8:00,NA,NA,NA,NA,NA,[u'Homestead'],NA,NA,NA,NA,NA
NA,NA,NA,NA,NA,NA,NA,NA,NA,"[u'Shopping', u'Home Services', u'Building Supplies', u'Home & Garden', u'Hardware Stores', u'Nurseries & Gardening']",40.4131349,NA,NA,NA,NA,TRUE,gClSqcwuLsgyZRCzhJc7Dg,NA,NA,NA,NA,NA,Lowe's,NA,NA,FALSE,NA,NA,NA,NA,NA,NA,NA,NA,FALSE,NA,NA,6,NA,PA,TRUE,NA,NA,NA,FALSE,NA,"690 Waterfront Dr E
Homestead
Homestead, PA 15120",NA,NA,NA,NA,NA,NA,NA,NA,NA,NA,NA,NA,NA,TRUE,Homestead,NA,NA,NA,2.5,NA,business,NA,NA,NA,NA,2,NA,-79.90155,NA,NA,NA,NA,NA,FALSE,NA,NA,NA,NA,NA,NA,NA,NA,NA,NA,NA,NA,NA,NA,NA,NA,NA,NA,[u'Homestead'],NA,NA,NA,NA,NA
FALSE,NA,TRUE,NA,NA,NA,NA,NA,NA,"[u'Pubs', u'Bars', u'American (New)', u'Nightlife', u'Restaurants']",40.405311,TRUE,full_bar,FALSE,NA,FALSE,1qCuOcks5HRv67OHovAVpg,FALSE,NA,NA,FALSE,NA,Duke's Upper Deck Cafe,NA,TRUE,TRUE,FALSE,NA,NA,NA,NA,NA,FALSE,FALSE,FALSE,NA,NA,16,NA,PA,TRUE,NA,TRUE,NA,FALSE,TRUE,"122 W 8th Ave
Homestead
Homestead, PA 15120",NA,NA,NA,FALSE,NA,NA,FALSE,NA,NA,FALSE,FALSE,NA,NA,TRUE,Homestead,NA,NA,NA,3.5,NA,business,NA,FALSE,NA,FALSE,2,NA,-79.912595,NA,NA,NA,NA,TRUE,FALSE,NA,NA,NA,NA,TRUE,NA,TRUE,NA,NA,NA,NA,NA,NA,loud,NA,casual,NA,TRUE,[u'Homestead'],NA,FALSE,NA,NA,NA
FALSE,NA,NA,11:30,NA,NA,NA,FALSE,11:30,"[u'Arts & Entertainment', u'American (Traditional)', u'Arcades', u'Restaurants']",40.4097113,FALSE,full_bar,FALSE,NA,TRUE,sbW8qHJgzEIH42B0S-3New,FALSE,FALSE,11:30,FALSE,NA,Dave & Buster's,11:30,TRUE,FALSE,FALSE,yes_free,NA,NA,NA,NA,FALSE,FALSE,FALSE,NA,NA,52,NA,PA,TRUE,2:00,FALSE,FALSE,FALSE,TRUE,"180 E Waterfront Dr
Homestead
Homestead, PA 15120",0:00,NA,NA,FALSE,NA,NA,TRUE,11:30,NA,FALSE,FALSE,0:00,NA,TRUE,Homestead,NA,TRUE,NA,3,NA,business,FALSE,FALSE,NA,TRUE,2,NA,-79.9140822,0:00,NA,0:00,2:00,TRUE,FALSE,11:30,NA,NA,NA,TRUE,0:00,TRUE,NA,NA,NA,NA,NA,11:30,very_loud,NA,casual,NA,TRUE,[u'Homestead'],NA,FALSE,NA,NA,FALSE
FALSE,NA,NA,11:00,NA,NA,NA,NA,11:00,"[u'Food', u'American (Traditional)', u'Breweries', u'Restaurants']",40.4094884,TRUE,full_bar,FALSE,NA,TRUE,McikHxxEqZ2X0joaRNKlaw,FALSE,NA,11:00,FALSE,NA,Rock Bottom,11:00,TRUE,FALSE,FALSE,NA,NA,NA,NA,NA,TRUE,FALSE,FALSE,NA,NA,94,NA,PA,TRUE,2:00,FALSE,FALSE,FALSE,TRUE,"171 E Bridge St
Homestead
Homestead, PA 15120",2:00,NA,NA,FALSE,NA,NA,TRUE,11:00,NA,FALSE,FALSE,2:00,no,TRUE,Homestead,NA,TRUE,NA,3.5,NA,business,FALSE,FALSE,NA,FALSE,2,NA,-79.9151108,2:00,NA,2:00,2:00,TRUE,FALSE,11:00,NA,NA,NA,TRUE,0:00,TRUE,NA,NA,NA,NA,NA,11:00,average,NA,casual,NA,TRUE,[u'Homestead'],NA,FALSE,NA,NA,FALSE
FALSE,NA,FALSE,NA,NA,NA,NA,NA,NA,"[u'Nightlife', u'Comedy Clubs']",40.409092,FALSE,full_bar,FALSE,NA,TRUE,tv8cS4aaA1VDaInYgggb6g,FALSE,NA,NA,NA,NA,Improv Comedy Club,NA,NA,TRUE,FALSE,NA,NA,FALSE,NA,FALSE,NA,NA,FALSE,FALSE,FALSE,34,NA,PA,TRUE,NA,NA,NA,FALSE,NA,"166 E Bridge St
Homestead
Homestead, PA 15120",NA,NA,NA,NA,FALSE,NA,NA,NA,NA,FALSE,NA,NA,NA,TRUE,Homestead,NA,TRUE,NA,3,NA,business,NA,FALSE,NA,NA,2,FALSE,-79.914897,NA,NA,NA,NA,NA,FALSE,NA,NA,FALSE,NA,FALSE,NA,TRUE,NA,NA,NA,NA,NA,NA,very_loud,no,NA,NA,TRUE,[u'Homestead'],NA,FALSE,NA,FALSE,FALSE
NA,NA,NA,6:00,NA,NA,NA,NA,6:00,"[u'Videos & Video Game Rental', u'Books, Mags, Music & Video', u'Grocery', u'Shopping', u'Food']",40.411484,NA,NA,NA,NA,TRUE,eT5Ck7Gg1dBJobca9VFovw,NA,NA,6:00,NA,NA,Giant Eagle,6:00,NA,FALSE,NA,NA,NA,NA,NA,NA,NA,NA,FALSE,NA,NA,22,NA,PA,TRUE,0:00,NA,NA,FALSE,NA,"420 Waterfront Dr E
Homestead
Homestead, PA 15120",0:00,NA,NA,NA,NA,NA,NA,6:00,NA,NA,NA,0:00,NA,TRUE,Homestead,NA,TRUE,NA,3.5,NA,business,NA,NA,NA,NA,2,NA,-79.90877,0:00,NA,0:00,0:00,NA,FALSE,6:00,NA,NA,NA,NA,0:00,NA,NA,NA,NA,NA,NA,6:00,NA,NA,NA,NA,NA,[u'Homestead'],NA,NA,NA,NA,NA
NA,NA,NA,10:00,NA,NA,NA,NA,10:00,"[u'Books, Mags, Music & Video', u'Shopping', u'Bookstores']",40.4083798,NA,NA,NA,NA,FALSE,HwwEfnZKLNOUoqfgcwAgcQ,NA,NA,10:00,NA,NA,Barnes & Noble Booksellers,10:00,NA,TRUE,NA,NA,NA,NA,NA,NA,NA,NA,FALSE,NA,NA,10,NA,PA,TRUE,22:00,NA,NA,FALSE,NA,"100 W Bridge St
Homestead
Homestead, PA 15120",21:00,NA,NA,NA,NA,NA,NA,10:00,NA,NA,NA,21:00,NA,TRUE,Homestead,NA,TRUE,NA,3.5,NA,business,NA,NA,NA,NA,2,NA,-79.9158762,21:00,NA,21:00,22:00,NA,FALSE,11:00,NA,NA,NA,NA,20:00,NA,NA,NA,NA,NA,NA,10:00,NA,NA,NA,NA,NA,[u'Homestead'],NA,NA,NA,NA,NA
FALSE,NA,TRUE,11:00,NA,NA,NA,NA,11:00,"[u'Bars', u'American (New)', u'Nightlife', u'Restaurants']",40.4070709,TRUE,full_bar,FALSE,NA,TRUE,EoAY1JSVeJriBzId8lUQwQ,FALSE,NA,11:00,FALSE,NA,Bar Louie,11:00,TRUE,FALSE,FALSE,NA,NA,FALSE,NA,TRUE,TRUE,FALSE,FALSE,FALSE,FALSE,46,NA,PA,TRUE,2:00,FALSE,NA,FALSE,TRUE,"244 W Bridge St
Homestead
West Homestead, PA 15120",2:00,NA,NA,FALSE,FALSE,NA,TRUE,11:00,NA,FALSE,FALSE,2:00,free,TRUE,West Homestead,NA,TRUE,NA,2.5,NA,business,FALSE,FALSE,NA,TRUE,2,FALSE,-79.917508,2:00,NA,2:00,2:00,FALSE,FALSE,11:00,NA,FALSE,NA,TRUE,2:00,TRUE,NA,NA,NA,NA,NA,11:00,loud,outdoor,casual,NA,TRUE,[u'Homestead'],NA,FALSE,NA,FALSE,FALSE
NA,NA,NA,11:00,NA,NA,NA,NA,11:00,"[u'Active Life', u'Swimming Pools']",40.395691,NA,NA,NA,NA,NA,uI0LvTXFACid1308KFO5ew,NA,NA,11:00,NA,NA,Sandcastle Water Park,11:00,NA,NA,NA,NA,NA,NA,NA,NA,NA,NA,NA,NA,NA,13,NA,PA,NA,18:00,NA,NA,NA,NA,"1000 Sandcastle Dr
Hays
Homestead, PA 15120",18:00,NA,NA,NA,NA,NA,NA,11:00,NA,NA,NA,18:00,NA,TRUE,Homestead,NA,NA,NA,3,NA,business,NA,NA,NA,NA,NA,NA,-79.9337369,18:00,NA,18:00,18:00,TRUE,NA,11:00,NA,NA,NA,NA,18:00,NA,NA,NA,NA,NA,NA,11:00,NA,NA,NA,NA,NA,[u'Hays'],NA,NA,NA,NA,NA
NA,NA,NA,8:00,NA,NA,NA,NA,8:00,"[u'Mattresses', u'Shopping', u'Home & Garden']",40.4089932,NA,NA,NA,NA,FALSE,Y4CcDDyMoDpK7BbpKawWjw,NA,NA,8:00,NA,NA,American Buyers Discount Mattress Store,8:00,NA,TRUE,NA,NA,NA,NA,NA,NA,NA,NA,FALSE,NA,NA,3,NA,PA,TRUE,17:00,NA,NA,FALSE,NA,"401 E 8th Ave
Homestead
Homestead, PA 15120",17:00,NA,NA,NA,NA,NA,NA,8:00,NA,NA,NA,17:00,NA,TRUE,Homestead,NA,TRUE,NA,5,NA,business,NA,NA,NA,NA,2,NA,-79.9073564,17:00,NA,17:00,17:00,NA,FALSE,12:00,NA,NA,NA,NA,17:00,NA,NA,NA,NA,NA,NA,8:00,NA,NA,NA,NA,NA,[u'Homestead'],NA,NA,NA,NA,NA
NA,NA,NA,NA,NA,NA,NA,NA,NA,"[u'Hotels & Travel', u'Airport Shuttles', u'Limos', u'Transportation']",40.4027249,NA,NA,NA,NA,NA,RxKrw38oyeYszQ6guY5b1A,NA,NA,NA,NA,NA,First Class Limousine Service,NA,NA,NA,NA,NA,NA,NA,NA,NA,NA,NA,NA,NA,NA,9,NA,PA,NA,NA,NA,NA,NA,NA,"207 E 16th Ave Apt 1
Homestead
Homestead, PA 15120",NA,NA,NA,NA,NA,NA,NA,NA,NA,NA,NA,NA,NA,TRUE,Homestead,NA,NA,NA,4.5,NA,business,NA,NA,NA,NA,NA,NA,-79.904308,NA,NA,NA,NA,NA,NA,NA,NA,NA,NA,NA,NA,NA,NA,NA,NA,NA,NA,NA,NA,NA,NA,NA,NA,[u'Homestead'],NA,NA,NA,NA,NA
NA,NA,NA,11:00,NA,NA,NA,NA,11:00,"[u'Food', u'Food Delivery Services', u'Chinese', u'Restaurants']",40.3867759,FALSE,none,NA,NA,FALSE,TfvWSIAMFZ9zI3y2-K6wOA,NA,NA,11:00,FALSE,NA,The Dragon Chinese Cuisine,11:00,NA,FALSE,NA,NA,NA,NA,NA,NA,FALSE,FALSE,FALSE,NA,NA,4,NA,PA,TRUE,22:30,FALSE,NA,FALSE,TRUE,"3360 Main St
Munhall, PA 15120",22:00,NA,NA,FALSE,NA,NA,FALSE,11:00,NA,NA,TRUE,22:00,no,TRUE,Munhall,NA,TRUE,NA,2.5,NA,business,NA,NA,NA,FALSE,1,NA,-79.9028194,22:00,NA,22:00,22:30,FALSE,FALSE,12:00,NA,NA,NA,FALSE,22:00,NA,NA,NA,NA,NA,NA,11:00,NA,NA,casual,NA,FALSE,[],NA,NA,NA,NA,NA
FALSE,NA,TRUE,NA,NA,NA,NA,NA,NA,"[u'Bars', u'American (Traditional)', u'Nightlife', u'Restaurants']",40.4087041,FALSE,full_bar,FALSE,NA,NA,tU-YtoW339PXJmUGSix_AQ,FALSE,NA,NA,FALSE,NA,T.G.I. Friday's,NA,TRUE,NA,FALSE,NA,NA,NA,NA,NA,FALSE,FALSE,NA,NA,FALSE,15,NA,PA,TRUE,NA,FALSE,NA,NA,TRUE,"185 Waterfront Dr W
Homestead
Homestead, PA 15120",NA,NA,NA,FALSE,NA,NA,TRUE,NA,NA,FALSE,FALSE,NA,NA,TRUE,Homestead,NA,NA,NA,2.5,NA,business,TRUE,FALSE,NA,FALSE,2,NA,-79.9175086,NA,NA,NA,NA,TRUE,NA,NA,NA,NA,NA,TRUE,NA,FALSE,NA,NA,NA,NA,NA,NA,NA,NA,casual,NA,TRUE,[u'Homestead'],NA,FALSE,NA,NA,FALSE
FALSE,NA,NA,11:00,NA,NA,NA,NA,11:00,"[u'American (Traditional)', u'Pizza', u'Gluten-Free', u'Restaurants']",40.410967,FALSE,full_bar,FALSE,NA,TRUE,6p9TlP2I8S4agxYMNFSDjg,FALSE,NA,11:00,FALSE,NA,Uno Pizzeria & Grill,11:00,TRUE,FALSE,FALSE,NA,NA,NA,NA,NA,TRUE,FALSE,FALSE,NA,NA,33,NA,PA,TRUE,23:00,FALSE,NA,FALSE,TRUE,"205 East Waterfront Drive
Homestead
Homestead, PA 15120",23:00,NA,NA,FALSE,NA,NA,FALSE,11:00,NA,FALSE,FALSE,23:00,no,TRUE,Homestead,NA,TRUE,NA,3,NA,business,TRUE,FALSE,NA,FALSE,2,NA,-79.9141364,23:00,NA,23:00,0:00,TRUE,FALSE,11:00,NA,NA,NA,TRUE,0:00,TRUE,NA,NA,NA,NA,NA,11:00,average,NA,casual,NA,TRUE,[u'Homestead'],NA,FALSE,NA,NA,FALSE
NA,NA,NA,NA,NA,NA,NA,NA,NA,"[u'Lingerie', u'Shopping', u'Fashion']",40.4071786,NA,NA,NA,NA,FALSE,XhbC5Qj5nBcqcKLPRd8izQ,NA,NA,NA,NA,NA,Victoria's Secret,NA,NA,TRUE,NA,NA,NA,NA,NA,NA,NA,NA,FALSE,NA,NA,3,NA,PA,TRUE,NA,NA,NA,FALSE,NA,"229 W Bridge St
Homestead
Homestead, PA 15120",NA,NA,NA,NA,NA,NA,NA,NA,NA,NA,NA,NA,NA,TRUE,Homestead,NA,NA,NA,2,NA,business,NA,NA,NA,NA,3,NA,-79.9163778,NA,NA,NA,NA,NA,FALSE,NA,NA,NA,NA,NA,NA,NA,NA,NA,NA,NA,NA,NA,NA,NA,NA,NA,NA,[u'Homestead'],NA,NA,NA,NA,NA
FALSE,NA,NA,11:00,NA,NA,NA,NA,11:00,"[u'Gluten-Free', u'Asian Fusion', u'Chinese', u'Restaurants']",40.4071112,FALSE,full_bar,FALSE,NA,TRUE,JDDeaNfb0JXD1NbznSIC9g,FALSE,NA,11:00,FALSE,NA,P F Chang's China Bistro,11:00,TRUE,FALSE,FALSE,NA,NA,NA,NA,NA,TRUE,FALSE,FALSE,NA,NA,64,NA,PA,TRUE,23:00,TRUE,TRUE,FALSE,TRUE,"The Waterfront
148 W Bridge St
Homestead
Homestead, PA 15120",22:00,NA,NA,FALSE,NA,NA,TRUE,11:00,NA,FALSE,FALSE,22:00,no,TRUE,Homestead,NA,TRUE,NA,3,NA,business,FALSE,FALSE,NA,FALSE,2,NA,-79.91615,22:00,NA,22:00,23:00,TRUE,FALSE,11:00,NA,NA,NA,TRUE,22:00,TRUE,NA,NA,NA,NA,NA,11:00,loud,NA,casual,NA,TRUE,[u'Homestead'],NA,FALSE,NA,NA,FALSE
NA,NA,NA,10:00,NA,NA,NA,NA,10:00,"[u'Fashion', u'Shopping', u'Shoe Stores']",40.4081509,NA,NA,NA,NA,FALSE,oPX8bpZ3dqviYQuic0Ahqw,NA,NA,10:00,NA,NA,Gordon Shoes,10:00,NA,FALSE,NA,NA,NA,NA,NA,NA,NA,NA,FALSE,NA,NA,5,NA,PA,TRUE,21:00,NA,NA,FALSE,NA,"112 W Bridge St
Homestead
Homestead, PA 15120",21:00,NA,NA,NA,NA,NA,NA,10:00,NA,NA,NA,21:00,NA,TRUE,Homestead,NA,NA,NA,4,NA,business,NA,NA,NA,NA,2,NA,-79.9161483,21:00,NA,21:00,21:00,NA,FALSE,12:00,NA,NA,NA,NA,18:00,NA,NA,NA,NA,NA,NA,10:00,NA,NA,NA,NA,NA,[u'Homestead'],NA,NA,NA,NA,NA
FALSE,NA,NA,6:30,NA,NA,NA,NA,6:30,"[u'Soup', u'Sandwiches', u'Salad', u'Restaurants']",40.407152,TRUE,none,FALSE,NA,TRUE,FiXamVMgMf9U0VqFHDZSEA,FALSE,NA,6:30,TRUE,NA,Panera Bread,6:30,FALSE,FALSE,FALSE,NA,NA,NA,NA,NA,FALSE,TRUE,FALSE,NA,NA,17,NA,PA,TRUE,22:00,FALSE,NA,FALSE,TRUE,"210 West Bridge Street
Homestead
West Homestead, PA 15120",21:00,NA,NA,FALSE,NA,NA,FALSE,7:00,NA,FALSE,FALSE,21:00,free,TRUE,West Homestead,NA,TRUE,NA,3,NA,business,TRUE,FALSE,NA,FALSE,1,NA,-79.9166162,21:00,NA,21:00,22:00,TRUE,FALSE,8:00,NA,NA,NA,FALSE,20:00,TRUE,NA,NA,NA,NA,NA,6:30,average,NA,casual,NA,TRUE,[u'Homestead'],NA,FALSE,NA,NA,FALSE
NA,NA,NA,NA,NA,NA,NA,NA,NA,"[u'Veterinarians', u'Pets']",40.39726,NA,NA,NA,NA,NA,LG_Dgv7u7P2ASDWU1RAyWQ,NA,NA,NA,NA,NA,Munhall Veterinary Hospital,NA,NA,NA,NA,NA,NA,NA,NA,NA,NA,NA,NA,NA,NA,4,NA,PA,NA,NA,NA,NA,NA,NA,"2114 West St
Homestead
Homestead, PA 15120",NA,NA,NA,NA,NA,NA,NA,NA,NA,NA,NA,NA,NA,TRUE,Homestead,NA,NA,NA,4,NA,business,NA,NA,NA,NA,NA,NA,-79.903054,NA,NA,NA,NA,NA,NA,NA,NA,NA,NA,NA,NA,NA,NA,NA,NA,NA,NA,NA,NA,NA,NA,NA,NA,[u'Homestead'],NA,NA,NA,NA,NA
NA,NA,NA,NA,NA,NA,NA,NA,NA,"[u'Department Stores', u'Fashion', u'Shopping']",40.4103739,NA,NA,NA,NA,TRUE,ISKLP0qxApATxRlUDob6Cg,NA,NA,NA,NA,NA,Target,NA,NA,FALSE,NA,NA,NA,NA,NA,NA,NA,NA,FALSE,NA,NA,15,NA,PA,TRUE,NA,NA,NA,FALSE,NA,"360 Waterfront Dr E
Homestead
Homestead, PA 15120",NA,NA,NA,NA,NA,NA,NA,NA,NA,NA,NA,NA,NA,TRUE,Homestead,NA,TRUE,NA,3.5,NA,business,NA,NA,NA,NA,2,NA,-79.9098881,NA,NA,NA,NA,NA,FALSE,NA,NA,NA,NA,NA,NA,NA,NA,NA,NA,NA,NA,NA,NA,NA,NA,NA,NA,[u'Homestead'],NA,NA,NA,NA,NA
NA,NA,NA,10:00,NA,NA,NA,NA,10:00,"[u""Men's Clothing"", u'Fashion', u'Shopping', u'Formal Wear']",40.40939,NA,NA,NA,NA,NA,DMy5IG-dNrH4ARk96KngEA,NA,NA,10:00,NA,NA,Men's Wearhouse,10:00,NA,NA,NA,NA,NA,NA,NA,NA,NA,NA,NA,NA,NA,4,NA,PA,TRUE,21:00,NA,NA,NA,NA,"324 Amity St.
Homestead
Homestead, PA 15120",21:00,NA,NA,NA,NA,NA,NA,9:30,NA,NA,NA,21:00,NA,TRUE,Homestead,NA,NA,NA,3.5,NA,business,NA,NA,NA,NA,3,NA,-79.91295,21:00,NA,21:00,21:00,NA,NA,11:00,NA,NA,NA,NA,18:00,NA,NA,NA,NA,NA,NA,10:00,NA,NA,NA,NA,NA,[u'Homestead'],NA,NA,NA,NA,NA
NA,NA,NA,NA,NA,NA,NA,NA,NA,"[u'Pizza', u'Restaurants']",40.385745,FALSE,NA,NA,NA,FALSE,uLnDFdn011hEroQQMLmxNQ,NA,NA,NA,NA,NA,The Pizza Company,NA,FALSE,FALSE,NA,NA,NA,NA,NA,NA,NA,NA,FALSE,NA,NA,5,NA,PA,NA,NA,NA,NA,FALSE,TRUE,"3502 Main St
Homestead, PA 15120",NA,NA,NA,NA,NA,NA,FALSE,NA,NA,NA,TRUE,NA,NA,TRUE,Homestead,NA,NA,NA,3,NA,business,NA,NA,NA,NA,1,NA,-79.9033649,NA,NA,NA,NA,TRUE,FALSE,NA,NA,NA,NA,NA,NA,NA,NA,NA,NA,NA,NA,NA,loud,NA,casual,NA,TRUE,[],NA,NA,NA,NA,NA
NA,NA,NA,10:00,NA,NA,NA,NA,10:00,"[u'Fashion', u'Shopping', u'Shoe Stores']",40.4132798,NA,NA,NA,NA,TRUE,rdATJvFQK4C73NIQ3zoY3w,NA,NA,10:00,NA,NA,DSW Designer Shoe Warehouse,10:00,NA,FALSE,NA,NA,NA,NA,NA,NA,NA,NA,FALSE,NA,NA,6,NA,PA,TRUE,21:00,NA,NA,FALSE,NA,"520 East Waterfront Drive
Homestead
Homestead, PA 15120",21:00,NA,NA,NA,NA,NA,NA,10:00,NA,NA,NA,21:00,NA,TRUE,Homestead,NA,NA,NA,4,NA,business,NA,NA,NA,NA,2,NA,-79.90727,21:00,NA,21:00,21:00,NA,FALSE,11:00,NA,NA,NA,NA,18:00,NA,NA,NA,NA,NA,NA,10:00,NA,NA,NA,NA,NA,[u'Homestead'],NA,NA,NA,NA,NA
NA,NA,NA,NA,NA,NA,NA,NA,NA,"[u'Department Stores', u'Fashion', u'Shopping']",40.4130804,NA,NA,NA,NA,TRUE,g10zmpUzmMJOOIjj_JJPvg,NA,NA,NA,NA,NA,Bed Bath & Beyond,NA,NA,FALSE,NA,NA,NA,NA,NA,NA,NA,NA,FALSE,NA,NA,6,NA,PA,TRUE,NA,NA,NA,FALSE,NA,"490 Waterfront Dr E
Homestead
Homestead, PA 15120",NA,NA,NA,NA,NA,NA,NA,NA,NA,NA,NA,NA,NA,TRUE,Homestead,NA,NA,NA,3.5,NA,business,NA,NA,NA,NA,2,NA,-79.9080745,NA,NA,NA,NA,NA,FALSE,NA,NA,NA,NA,NA,NA,NA,NA,NA,NA,NA,NA,NA,NA,NA,NA,NA,NA,[u'Homestead'],NA,NA,NA,NA,NA
FALSE,NA,NA,NA,NA,NA,NA,NA,NA,"[u'Breakfast & Brunch', u'American (New)', u'Restaurants']",40.4113236,FALSE,none,FALSE,NA,TRUE,eznh0XjVtv924K-KYx_ilQ,FALSE,NA,NA,FALSE,NA,Eat'n Park Restaurant,NA,TRUE,FALSE,FALSE,NA,NA,NA,NA,NA,FALSE,FALSE,FALSE,NA,NA,13,NA,PA,TRUE,NA,FALSE,NA,FALSE,TRUE,"245 Waterfront Dr E
Homestead
Homestead, PA 15120",NA,NA,NA,TRUE,NA,NA,FALSE,NA,NA,FALSE,FALSE,NA,no,TRUE,Homestead,NA,TRUE,NA,3,NA,business,TRUE,FALSE,NA,FALSE,1,NA,-79.9132525,NA,NA,NA,NA,TRUE,FALSE,NA,NA,NA,NA,TRUE,NA,TRUE,NA,NA,FALSE,NA,NA,NA,average,NA,casual,NA,TRUE,[u'Homestead'],NA,FALSE,NA,NA,FALSE
NA,NA,NA,9:30,NA,NA,NA,NA,9:30,"[u'Department Stores', u'Fashion', u'Shopping']",40.4135937,NA,NA,NA,NA,FALSE,LQFWH1AKJlXGmEBlIKsBCw,NA,NA,9:30,NA,NA,T.J. Maxx,9:30,NA,FALSE,NA,NA,NA,NA,NA,NA,NA,NA,FALSE,NA,NA,5,NA,PA,TRUE,21:30,NA,NA,FALSE,NA,"580 Waterfront Dr E
Homestead
Homestead, PA 15120",21:30,NA,NA,NA,NA,NA,NA,9:30,NA,NA,NA,21:30,NA,TRUE,Homestead,NA,NA,NA,4,NA,business,NA,NA,NA,NA,2,NA,-79.906054,21:30,NA,21:30,21:30,NA,FALSE,11:00,NA,NA,NA,NA,20:00,NA,NA,NA,NA,NA,NA,9:30,NA,NA,NA,NA,NA,[u'Homestead'],NA,NA,NA,NA,NA
NA,NA,NA,NA,NA,NA,NA,NA,NA,"[u'Discount Store', u'Shopping']",40.4127917,NA,NA,NA,NA,FALSE,LO2CjrNL8DXkvm9uALgRjQ,NA,NA,NA,NA,NA,Marshalls Inc,NA,NA,FALSE,NA,NA,NA,NA,NA,NA,NA,NA,FALSE,NA,NA,6,NA,PA,TRUE,NA,NA,NA,FALSE,NA,"460 Waterfront Dr E
Homestead
Homestead, PA 15120",NA,NA,NA,NA,NA,NA,NA,NA,NA,NA,NA,NA,NA,TRUE,Homestead,NA,NA,NA,3,NA,business,NA,NA,NA,NA,2,NA,-79.909169,NA,NA,NA,NA,NA,FALSE,NA,NA,NA,NA,NA,NA,NA,NA,NA,NA,NA,NA,NA,NA,NA,NA,NA,NA,[u'Homestead'],NA,NA,NA,NA,NA
FALSE,NA,NA,11:30,NA,NA,NA,NA,11:30,"[u'Seafood', u'Restaurants']",40.40887838,TRUE,full_bar,FALSE,NA,TRUE,usSROUMiAgPcxV3Ym0OxMQ,FALSE,NA,11:30,FALSE,NA,Mitchell's Fish Market,11:30,TRUE,FALSE,FALSE,NA,NA,NA,NA,NA,TRUE,FALSE,FALSE,NA,NA,73,NA,PA,TRUE,0:00,TRUE,NA,FALSE,TRUE,"185 W. Waterfront Drive
Homestead
Pittsburgh/Waterfront, PA 15120",23:00,NA,NA,FALSE,NA,NA,TRUE,11:30,NA,FALSE,FALSE,23:00,free,TRUE,Pittsburgh/Waterfront,NA,TRUE,NA,4,NA,business,FALSE,FALSE,NA,FALSE,3,NA,-79.91808943,23:00,NA,23:00,0:00,TRUE,FALSE,11:00,NA,NA,NA,TRUE,22:00,TRUE,NA,NA,NA,NA,NA,11:30,average,NA,casual,NA,TRUE,[u'Homestead'],NA,FALSE,NA,NA,FALSE
NA,NA,NA,NA,NA,NA,NA,NA,NA,"[u""Women's Clothing"", u""Men's Clothing"", u'Fashion', u'Shopping', u""Children's Clothing""]",40.412712,NA,NA,NA,NA,TRUE,qfL7ZFkxqDZOPIaVVfT3Aw,NA,NA,NA,NA,NA,Old Navy,NA,NA,FALSE,NA,NA,NA,NA,NA,NA,NA,NA,FALSE,NA,NA,6,NA,PA,TRUE,NA,NA,NA,FALSE,NA,"560 E Waterfront Dr
Homestead
Homestead, PA 15120",NA,NA,NA,NA,NA,NA,NA,NA,NA,NA,NA,NA,NA,TRUE,Homestead,NA,NA,NA,3,NA,business,NA,NA,NA,NA,2,NA,-79.906061,NA,NA,NA,NA,NA,FALSE,NA,NA,NA,NA,NA,NA,NA,NA,NA,NA,NA,NA,NA,NA,NA,NA,NA,NA,[u'Homestead'],NA,NA,NA,NA,NA
NA,NA,NA,9:00,NA,NA,NA,NA,9:00,"[u'Sporting Goods', u'Fashion', u'Shopping', u'Outdoor Gear', u'Sports Wear']",40.4138973,NA,NA,NA,NA,TRUE,GlYPVYSOVT7zn00Kk_Oz4g,NA,NA,9:00,NA,NA,Dick's Sporting Goods,9:00,NA,FALSE,NA,NA,NA,NA,NA,NA,NA,NA,FALSE,NA,NA,4,NA,PA,TRUE,21:30,NA,NA,FALSE,NA,"The Waterfront
350 East Waterfront Drive
Homestead
Homestead, PA 15120",21:30,NA,NA,NA,NA,NA,NA,9:00,NA,NA,NA,21:30,NA,TRUE,Homestead,NA,TRUE,NA,2.5,NA,business,NA,NA,NA,NA,3,NA,-79.9075963,21:30,NA,21:30,21:30,NA,FALSE,10:00,NA,NA,NA,NA,19:00,NA,NA,NA,NA,NA,NA,9:00,NA,NA,NA,NA,NA,[u'Homestead'],NA,NA,NA,NA,NA
NA,NA,NA,NA,NA,NA,NA,NA,NA,"[u'Food', u'Grocery']",40.3736775,NA,NA,NA,NA,FALSE,WaHXyBwljbKNPmmJZn5j8Q,NA,NA,NA,NA,NA,Shop 'n Save,NA,NA,FALSE,NA,NA,NA,NA,NA,NA,NA,NA,FALSE,NA,NA,3,NA,PA,TRUE,NA,NA,NA,FALSE,NA,"1886 Homeville Rd
West Mifflin, PA 15122",NA,NA,NA,NA,NA,NA,NA,NA,NA,NA,NA,NA,NA,TRUE,West Mifflin,NA,NA,NA,3,NA,business,NA,NA,NA,NA,2,NA,-79.8737336,NA,NA,NA,NA,NA,FALSE,NA,NA,NA,NA,NA,NA,NA,NA,NA,NA,NA,NA,NA,NA,NA,NA,NA,NA,[],NA,NA,NA,NA,NA
NA,NA,NA,NA,NA,NA,NA,NA,NA,"[u'Burgers', u'Fast Food', u'Restaurants']",40.3849854,NA,NA,NA,NA,NA,CL3tZqbYT7B5zgewKCS6-Q,NA,NA,NA,NA,NA,McDonald's,NA,NA,NA,NA,NA,NA,NA,NA,NA,NA,NA,NA,NA,NA,4,NA,PA,FALSE,NA,NA,NA,NA,FALSE,"Kennywood & Hoffman
West Mifflin, PA 15122",NA,NA,NA,NA,NA,NA,NA,NA,NA,NA,FALSE,NA,NA,TRUE,West Mifflin,NA,NA,NA,1,NA,business,NA,NA,NA,NA,NA,NA,-79.8626605,NA,NA,NA,NA,FALSE,NA,NA,NA,NA,NA,NA,NA,NA,NA,NA,NA,NA,NA,NA,NA,NA,NA,NA,FALSE,[],NA,NA,NA,NA,NA
NA,NA,NA,NA,NA,NA,NA,NA,NA,"[u'Pizza', u'Restaurants']",40.389192,NA,NA,NA,NA,FALSE,u22QDAON1kk0wjoTliyftw,NA,NA,NA,FALSE,NA,Latina Pizza,NA,NA,FALSE,NA,NA,NA,NA,NA,NA,FALSE,FALSE,FALSE,NA,NA,3,NA,PA,FALSE,NA,FALSE,NA,FALSE,TRUE,"4426 Kennywood Blvd
West Mifflin, PA 15122",NA,NA,NA,FALSE,NA,NA,NA,NA,NA,NA,FALSE,NA,NA,TRUE,West Mifflin,NA,NA,NA,4,NA,business,NA,NA,NA,FALSE,1,NA,-79.868305,NA,NA,NA,NA,NA,FALSE,NA,NA,NA,NA,NA,NA,NA,NA,NA,NA,NA,NA,NA,NA,NA,casual,NA,TRUE,[],NA,NA,NA,NA,NA
NA,NA,NA,NA,NA,NA,NA,NA,NA,"[u'Sporting Goods', u'Bikes', u'Shopping']",40.3714868,NA,NA,NA,NA,TRUE,4ykgzzzGEWjMD5lwk1-l9A,NA,NA,NA,NA,NA,Big Bang Bicycles,NA,NA,FALSE,NA,NA,NA,NA,NA,NA,NA,NA,FALSE,NA,NA,12,NA,PA,TRUE,NA,NA,NA,FALSE,NA,"347 Lebanon Rd
West Mifflin, PA 15122",NA,NA,NA,NA,NA,NA,NA,NA,NA,NA,NA,NA,NA,TRUE,West Mifflin,NA,TRUE,NA,4.5,NA,business,NA,NA,NA,NA,3,NA,-79.9271583,NA,NA,NA,NA,TRUE,FALSE,NA,NA,NA,NA,NA,NA,NA,NA,NA,NA,NA,NA,NA,NA,NA,NA,NA,NA,[],NA,NA,NA,NA,NA
FALSE,NA,NA,NA,NA,NA,NA,NA,NA,"[u'Pizza', u'Restaurants']",40.3736775,FALSE,none,FALSE,NA,FALSE,53Yk2EODWnV9qHQECzeHVQ,FALSE,NA,NA,FALSE,NA,Bellisario Pizza Shop,NA,FALSE,FALSE,FALSE,NA,NA,NA,NA,NA,FALSE,FALSE,FALSE,NA,NA,5,NA,PA,NA,NA,FALSE,NA,FALSE,TRUE,"1842 Homeville Rd
West Mifflin, PA 15122",NA,NA,NA,FALSE,NA,NA,FALSE,NA,NA,FALSE,TRUE,NA,no,TRUE,West Mifflin,NA,NA,NA,3.5,NA,business,NA,FALSE,NA,FALSE,1,NA,-79.8737336,NA,NA,NA,NA,TRUE,FALSE,NA,NA,NA,NA,FALSE,NA,FALSE,NA,NA,NA,NA,NA,NA,quiet,NA,casual,NA,FALSE,[],NA,FALSE,NA,NA,FALSE
FALSE,NA,NA,NA,NA,NA,NA,NA,NA,"[u'Chinese', u'Restaurants']",40.3736775,FALSE,none,FALSE,NA,NA,iBZRphMDFcS2aMbawc1OvA,FALSE,NA,NA,FALSE,NA,Hunan Wok Chinese Restaurant,NA,FALSE,NA,FALSE,NA,NA,NA,NA,NA,FALSE,FALSE,NA,NA,NA,4,NA,PA,FALSE,NA,FALSE,NA,NA,TRUE,"1822 Homeville Rd
West Mifflin, PA 15122",NA,NA,NA,FALSE,NA,NA,NA,NA,NA,FALSE,FALSE,NA,no,TRUE,West Mifflin,NA,NA,NA,5,NA,business,FALSE,FALSE,NA,FALSE,NA,NA,-79.8737336,NA,NA,NA,NA,TRUE,NA,NA,NA,NA,NA,FALSE,NA,FALSE,NA,NA,NA,NA,NA,NA,quiet,NA,casual,NA,TRUE,[],NA,FALSE,NA,NA,FALSE
NA,NA,NA,NA,NA,NA,NA,NA,NA,"[u'Thrift Stores', u'Shopping']",40.3736775,NA,NA,NA,NA,NA,iwZqvirc-2e0t8lQEXBlvA,NA,NA,NA,NA,NA,American Thrift Center,NA,NA,NA,NA,NA,NA,NA,NA,NA,NA,NA,FALSE,NA,NA,3,NA,PA,FALSE,NA,NA,NA,NA,NA,"1806 Homeville Rd
West Mifflin, PA 15122",NA,NA,NA,NA,NA,NA,NA,NA,NA,NA,NA,NA,NA,TRUE,West Mifflin,NA,NA,NA,3,NA,business,NA,NA,NA,NA,4,NA,-79.8737336,NA,NA,NA,NA,NA,NA,NA,NA,NA,NA,NA,NA,NA,NA,NA,NA,NA,NA,NA,NA,NA,NA,NA,NA,[],NA,NA,NA,NA,NA
NA,NA,NA,7:00,NA,NA,NA,NA,7:00,"[u'Bakeries', u'Food', u'Desserts']",40.35208,NA,NA,NA,NA,FALSE,hnHt6EinzC-IX6y3GSF7jw,NA,NA,7:00,NA,NA,Minerva Bakery,NA,NA,TRUE,NA,NA,NA,NA,NA,NA,NA,NA,FALSE,NA,NA,7,NA,PA,TRUE,16:30,NA,NA,FALSE,NA,"927 5th Ave
McKeesport, PA 15132",16:30,NA,NA,NA,NA,NA,NA,7:00,NA,NA,NA,16:30,NA,TRUE,McKeesport,NA,NA,NA,5,NA,business,NA,NA,NA,NA,2,NA,-79.854724,NA,NA,16:30,15:30,NA,FALSE,NA,NA,NA,NA,NA,NA,NA,NA,NA,NA,NA,NA,7:00,NA,NA,NA,NA,NA,[],NA,NA,NA,NA,NA
NA,NA,NA,11:00,NA,NA,NA,NA,11:00,"[u'Event Planning & Services', u'Caterers']",40.4687228,NA,NA,NA,NA,NA,LiMXTPwanF3LkkKHklFCjw,NA,NA,11:00,NA,NA,Pierogies Plus,11:00,NA,NA,NA,NA,NA,NA,NA,NA,NA,NA,NA,NA,NA,31,NA,PA,TRUE,19:00,NA,NA,NA,NA,"342 Island Ave
Mc Kees Rocks, PA 15136",19:00,NA,NA,NA,NA,NA,NA,NA,NA,NA,NA,19:00,NA,TRUE,Mc Kees Rocks,NA,NA,NA,4.5,NA,business,NA,NA,NA,NA,NA,NA,-80.0600626,18:00,NA,19:00,NA,NA,NA,NA,NA,NA,NA,NA,NA,NA,NA,NA,NA,NA,NA,11:00,NA,NA,NA,NA,NA,[],NA,NA,NA,NA,NA
NA,NA,NA,6:00,NA,NA,NA,NA,6:00,"[u'Breakfast & Brunch', u'Restaurants']",40.472505,FALSE,none,NA,NA,TRUE,r8BwdblCW-ZUES37BL0khw,NA,NA,6:00,NA,NA,Marge's Place,6:00,TRUE,TRUE,NA,NA,NA,NA,NA,NA,NA,NA,FALSE,NA,NA,10,NA,PA,TRUE,14:00,NA,NA,FALSE,TRUE,"719 Broadway Ave
McKees Rocks, PA 15136",14:00,NA,NA,NA,NA,NA,FALSE,7:00,NA,NA,NA,14:00,free,TRUE,McKees Rocks,NA,NA,NA,4.5,NA,business,TRUE,NA,NA,NA,1,NA,-80.074153,14:00,NA,14:00,14:00,TRUE,FALSE,7:00,NA,NA,NA,FALSE,14:00,NA,NA,NA,FALSE,NA,NA,6:00,average,NA,casual,NA,TRUE,[],NA,NA,NA,NA,NA
NA,NA,NA,12:00,NA,NA,NA,NA,12:00,"[u'Tattoo', u'Piercing', u'Beauty & Spas']",40.472851,NA,NA,NA,NA,FALSE,bN3jIkPqbqroQJteJsC2uw,NA,NA,12:00,NA,NA,Island Avenue Tattoo,12:00,NA,TRUE,NA,NA,NA,NA,NA,NA,NA,NA,FALSE,NA,NA,3,NA,PA,TRUE,20:00,NA,NA,FALSE,NA,"715 Island Ave
Mc Kees Rocks, PA 15136",20:00,NA,NA,NA,NA,NA,NA,12:00,NA,NA,NA,20:00,NA,TRUE,Mc Kees Rocks,NA,TRUE,NA,4,NA,business,NA,NA,NA,NA,2,NA,-80.062334,20:00,NA,20:00,20:00,NA,FALSE,12:00,NA,NA,NA,NA,18:00,NA,FALSE,NA,NA,NA,NA,12:00,NA,NA,NA,NA,NA,[],NA,NA,NA,NA,NA
NA,NA,NA,NA,NA,NA,NA,NA,NA,"[u'Bars', u'American (Traditional)', u'Burgers', u'Nightlife', u'Sports Bars', u'Restaurants']",40.46562,FALSE,full_bar,NA,NA,FALSE,OZfpG8tDCcIEq8pzgZdyKw,NA,NA,NA,FALSE,NA,Applebee's,NA,TRUE,FALSE,NA,NA,NA,NA,NA,NA,FALSE,FALSE,FALSE,NA,NA,5,NA,PA,TRUE,NA,FALSE,NA,FALSE,TRUE,"6570 Rt 60 Steubenville Pike
McKees Rocks, PA 15136",NA,NA,NA,FALSE,NA,NA,NA,NA,NA,NA,FALSE,NA,NA,TRUE,McKees Rocks,NA,TRUE,NA,3,NA,business,NA,NA,NA,FALSE,2,NA,-80.0656106,NA,NA,NA,NA,TRUE,FALSE,NA,NA,NA,NA,NA,NA,NA,NA,NA,NA,NA,NA,NA,NA,NA,casual,NA,TRUE,[],NA,NA,NA,NA,NA
NA,NA,NA,9:00,NA,NA,NA,NA,9:00,"[u'Flowers & Gifts', u'Shopping', u'Florists']",40.4285874,NA,NA,NA,NA,FALSE,imM-x_nAxVtYGVFJJ4FS3Q,NA,NA,9:00,NA,NA,Cindy Esser's Floral Shop,9:00,NA,FALSE,NA,NA,NA,NA,NA,NA,NA,NA,FALSE,NA,NA,3,NA,PA,TRUE,17:00,NA,NA,FALSE,NA,"1122 E Carson St
South Side
Pittsburgh, PA 15203",17:00,NA,NA,NA,NA,NA,NA,9:00,NA,NA,NA,17:00,NA,TRUE,Pittsburgh,NA,NA,NA,3,NA,business,NA,NA,NA,NA,2,NA,-79.9865459,17:00,NA,17:00,14:00,NA,FALSE,NA,NA,NA,NA,NA,NA,NA,NA,NA,NA,NA,NA,9:00,NA,NA,NA,NA,NA,[u'South Side'],NA,NA,NA,NA,NA
FALSE,NA,NA,NA,NA,NA,NA,NA,NA,"[u'Pizza', u'Restaurants']",40.494301,FALSE,none,FALSE,NA,TRUE,T49ZvBa6mD4xHSmjHe-ArA,FALSE,NA,NA,FALSE,NA,R & B's Pizza Place,NA,FALSE,FALSE,FALSE,NA,NA,NA,NA,NA,TRUE,FALSE,FALSE,NA,NA,9,NA,PA,TRUE,NA,FALSE,NA,FALSE,TRUE,"421 Lincoln Ave
Bellevue
Bellvue, PA 15202",NA,NA,NA,FALSE,NA,NA,FALSE,NA,NA,FALSE,TRUE,NA,no,TRUE,Bellvue,NA,TRUE,NA,4,NA,business,NA,FALSE,NA,FALSE,1,NA,-80.0533931,NA,NA,NA,NA,TRUE,FALSE,NA,NA,NA,NA,FALSE,NA,FALSE,NA,NA,NA,NA,NA,NA,average,NA,casual,NA,FALSE,[u'Bellevue'],NA,FALSE,NA,NA,FALSE
FALSE,NA,NA,NA,NA,NA,NA,NA,NA,"[u'Pizza', u'Restaurants']",40.495887,FALSE,none,FALSE,NA,FALSE,eOv0Dbq2E8sd0CKMAqTImw,FALSE,NA,NA,FALSE,NA,Luigi's Pizzeria,NA,TRUE,TRUE,FALSE,NA,NA,NA,NA,NA,FALSE,FALSE,FALSE,NA,NA,15,NA,PA,TRUE,NA,FALSE,NA,FALSE,TRUE,"531 Lincoln Ave
Bellevue
Bellevue, PA 15202",NA,NA,NA,FALSE,NA,NA,NA,NA,NA,FALSE,TRUE,NA,NA,TRUE,Bellevue,NA,NA,NA,4,NA,business,NA,FALSE,NA,FALSE,2,NA,-80.056877,NA,NA,NA,NA,TRUE,FALSE,NA,NA,NA,NA,FALSE,NA,TRUE,NA,NA,NA,NA,NA,NA,quiet,NA,casual,NA,TRUE,[u'Bellevue'],NA,FALSE,NA,NA,FALSE
NA,NA,NA,NA,NA,NA,NA,NA,NA,"[u'Burgers', u'Fast Food', u'Restaurants']",40.492067,NA,NA,NA,NA,FALSE,_jsJFrAmFVPRio0eEVExbA,NA,NA,NA,FALSE,NA,McDonald's,NA,NA,FALSE,NA,NA,NA,NA,NA,NA,FALSE,FALSE,FALSE,NA,NA,4,NA,PA,NA,NA,FALSE,NA,FALSE,NA,"4557 Ohio River Blvd
Bellevue
Pittsburgh, PA 15202",NA,NA,NA,FALSE,NA,NA,NA,NA,NA,NA,NA,NA,NA,TRUE,Pittsburgh,NA,NA,NA,2.5,NA,business,NA,NA,NA,FALSE,NA,NA,-80.06235,NA,NA,NA,NA,NA,FALSE,NA,NA,NA,NA,NA,NA,NA,NA,NA,NA,NA,NA,NA,NA,NA,NA,NA,NA,[u'Bellevue'],NA,NA,NA,NA,NA
FALSE,NA,NA,NA,NA,NA,NA,NA,NA,"[u'Chinese', u'Restaurants']",40.4970698,FALSE,none,FALSE,NA,FALSE,Lml0-yTNsMYsP9IrSMxw9A,FALSE,NA,NA,FALSE,NA,China Sea Chinese Restaurant,NA,FALSE,FALSE,FALSE,NA,NA,NA,NA,NA,FALSE,FALSE,FALSE,NA,NA,6,NA,PA,TRUE,NA,FALSE,NA,FALSE,TRUE,"610 Lincoln Ave
Bellevue
Bellevue, PA 15202",NA,NA,NA,FALSE,NA,NA,FALSE,NA,NA,FALSE,TRUE,NA,no,TRUE,Bellevue,NA,NA,NA,2.5,NA,business,FALSE,FALSE,NA,FALSE,1,NA,-80.0586009,NA,NA,NA,NA,TRUE,FALSE,NA,NA,NA,NA,FALSE,NA,FALSE,NA,NA,NA,NA,NA,NA,quiet,NA,casual,NA,TRUE,[u'Bellevue'],NA,FALSE,NA,NA,FALSE
NA,NA,NA,NA,NA,NA,NA,NA,NA,"[u'Hotels & Travel', u'Event Planning & Services', u'Hotels']",40.499398,NA,NA,NA,NA,NA,dEuJ4A6v1lUDKF8wWwxy_w,NA,NA,NA,NA,NA,Avalon Motel,NA,NA,NA,NA,NA,NA,NA,NA,NA,NA,NA,NA,NA,NA,5,NA,PA,TRUE,NA,NA,NA,NA,NA,"512 Ohio River Blvd
Avalon
Pittsburgh, PA 15202",NA,NA,NA,NA,NA,NA,NA,NA,NA,NA,NA,NA,no,TRUE,Pittsburgh,NA,NA,NA,1.5,NA,business,NA,NA,NA,NA,1,NA,-80.07249,NA,NA,NA,NA,NA,NA,NA,NA,NA,NA,NA,NA,NA,NA,NA,NA,NA,NA,NA,NA,NA,NA,NA,NA,[u'Avalon'],NA,NA,NA,NA,NA
NA,NA,NA,NA,NA,NA,NA,NA,NA,"[u'Beauty & Spas', u'Nail Salons']",40.497444,NA,NA,NA,NA,FALSE,jTAKV9zLlAjouAKh4Wd7Yg,NA,NA,NA,NA,NA,Star Nails,NA,NA,TRUE,NA,NA,NA,NA,NA,NA,NA,NA,FALSE,NA,NA,4,NA,PA,TRUE,NA,NA,NA,FALSE,NA,"616 Lincoln Ave Ste 7
Bellevue
Bellevue, PA 15202",NA,NA,NA,NA,NA,NA,NA,NA,NA,NA,NA,NA,NA,TRUE,Bellevue,NA,NA,NA,3,NA,business,NA,NA,NA,NA,2,NA,-80.058655,NA,NA,NA,NA,NA,FALSE,NA,NA,NA,NA,NA,NA,NA,FALSE,NA,NA,NA,NA,NA,NA,NA,NA,NA,NA,[u'Bellevue'],NA,NA,NA,NA,NA
NA,NA,NA,17:30,NA,NA,NA,NA,17:30,"[u'Restaurants', u'Italian']",40.496371,FALSE,none,NA,NA,FALSE,QVZBd_eu0oJ4IN0md2XPTQ,NA,NA,NA,FALSE,NA,Vivo,NA,TRUE,TRUE,NA,NA,NA,NA,NA,NA,FALSE,FALSE,FALSE,NA,NA,3,NA,PA,TRUE,21:30,FALSE,NA,FALSE,FALSE,"565 Lincoln Ave
Bellevue
Bellevue, PA 15202",21:30,NA,NA,FALSE,NA,NA,TRUE,17:30,NA,NA,FALSE,21:30,NA,FALSE,Bellevue,NA,TRUE,NA,5,NA,business,NA,NA,NA,FALSE,4,NA,-80.057905,NA,NA,NA,21:30,FALSE,FALSE,NA,NA,NA,NA,NA,NA,NA,NA,NA,NA,NA,NA,17:30,NA,NA,dressy,NA,TRUE,[u'Bellevue'],NA,NA,NA,NA,NA
NA,NA,NA,10:00,NA,NA,NA,NA,9:00,"[u'Hair Salons', u'Beauty & Spas']",40.496411,NA,NA,NA,NA,FALSE,_tV_uvbF3JFgsYRtoRWM-Q,NA,NA,10:00,NA,NA,Mane Attractions Unlimited,10:00,NA,FALSE,NA,NA,NA,NA,NA,NA,NA,NA,FALSE,NA,NA,5,NA,PA,TRUE,18:00,NA,NA,FALSE,NA,"567 Lincoln Ave
Bellevue
Bellvue, PA 15202",17:00,NA,NA,NA,NA,NA,NA,9:00,NA,NA,NA,17:00,NA,TRUE,Bellvue,NA,NA,NA,2.5,NA,business,NA,NA,NA,NA,2,NA,-80.057993,17:00,NA,17:00,16:00,TRUE,FALSE,NA,NA,NA,NA,NA,NA,NA,FALSE,NA,NA,NA,NA,10:00,NA,NA,NA,NA,NA,[u'Bellevue'],NA,NA,NA,NA,NA
NA,NA,NA,8:30,NA,NA,NA,NA,8:30,"[u'Bakeries', u'Food']",40.496068,NA,NA,NA,NA,FALSE,7wT532x2Qz5Hw9BqtBapqw,NA,NA,8:30,NA,NA,Lincoln Bakery,8:30,NA,TRUE,NA,NA,NA,NA,NA,NA,NA,NA,FALSE,NA,NA,14,NA,PA,TRUE,20:00,NA,NA,FALSE,NA,"543 Lincoln Ave
Bellevue
Bellevue, PA 15202",20:00,NA,NA,NA,NA,NA,NA,8:30,NA,NA,NA,20:00,NA,TRUE,Bellevue,NA,NA,NA,4,NA,business,NA,NA,NA,NA,2,NA,-80.057219,20:00,NA,20:00,20:00,NA,FALSE,9:00,NA,NA,NA,NA,17:00,NA,NA,NA,NA,NA,NA,8:30,NA,NA,NA,NA,NA,[u'Bellevue'],NA,NA,NA,NA,NA
FALSE,NA,NA,NA,NA,NA,NA,NA,NA,[u'Restaurants'],40.487671,FALSE,none,FALSE,NA,FALSE,udZJ8YgsHdqtFDQkyPTV1Q,FALSE,NA,NA,FALSE,NA,Arby's Roast Beef Restaurants,NA,FALSE,FALSE,FALSE,NA,NA,NA,NA,NA,FALSE,FALSE,FALSE,NA,NA,3,NA,PA,TRUE,NA,FALSE,NA,FALSE,TRUE,"4260 Ohio River Blvd
Bellevue
Pittsburgh, PA 15202",NA,NA,NA,FALSE,NA,NA,FALSE,NA,NA,FALSE,FALSE,NA,NA,TRUE,Pittsburgh,NA,NA,NA,3,NA,business,FALSE,FALSE,NA,FALSE,1,NA,-80.055464,NA,NA,NA,NA,TRUE,FALSE,NA,NA,NA,NA,FALSE,NA,FALSE,NA,NA,NA,NA,NA,NA,quiet,NA,casual,NA,TRUE,[u'Bellevue'],NA,FALSE,NA,NA,FALSE
NA,NA,NA,9:00,NA,NA,NA,NA,9:00,"[u'Thrift Stores', u'Shopping']",40.495483,NA,NA,NA,NA,TRUE,kKmvSJ6Z8UVPdrnL74bqrg,NA,NA,9:00,NA,NA,Red White & Blue Thrift Store,9:00,NA,FALSE,NA,NA,NA,NA,NA,NA,NA,NA,FALSE,NA,NA,17,NA,PA,FALSE,18:00,NA,NA,FALSE,NA,"935 Ohio River Blvd
Avalon
Pittsburgh, PA 15202",18:00,NA,NA,NA,NA,NA,NA,9:00,NA,NA,NA,18:00,NA,TRUE,Pittsburgh,NA,NA,NA,4,NA,business,NA,NA,NA,NA,1,NA,-80.065652,18:00,NA,18:00,18:00,NA,FALSE,NA,NA,NA,NA,NA,NA,NA,NA,NA,NA,NA,NA,9:00,NA,NA,NA,NA,NA,[u'Avalon'],NA,NA,NA,NA,NA
FALSE,NA,NA,NA,FALSE,NA,NA,NA,NA,"[u'American (Traditional)', u'Restaurants']",40.4966408,FALSE,none,FALSE,NA,FALSE,ucKQlQvOeJxETLNkpKcaSw,FALSE,NA,NA,TRUE,NA,Rusty Nail,NA,TRUE,TRUE,FALSE,NA,NA,NA,NA,NA,FALSE,FALSE,FALSE,NA,NA,17,NA,PA,TRUE,NA,FALSE,TRUE,FALSE,TRUE,"560 Lincoln Ave
Bellevue
Bellevue, PA 15202",NA,NA,NA,FALSE,NA,NA,FALSE,NA,NA,FALSE,FALSE,NA,no,TRUE,Bellevue,NA,NA,NA,3.5,NA,business,TRUE,FALSE,NA,FALSE,1,NA,-80.057381,NA,NA,NA,NA,TRUE,FALSE,NA,NA,NA,NA,TRUE,NA,TRUE,NA,NA,NA,NA,NA,NA,quiet,NA,casual,NA,TRUE,[u'Bellevue'],NA,FALSE,NA,NA,FALSE
NA,NA,NA,NA,NA,NA,NA,NA,NA,"[u'Food', u'Ice Cream & Frozen Yogurt']",40.459082,NA,NA,NA,NA,FALSE,Rjx8GcWuCzfVsKC5iPIcQA,NA,NA,NA,NA,NA,Remember When,NA,NA,TRUE,NA,NA,NA,NA,NA,NA,NA,NA,FALSE,NA,NA,8,NA,PA,TRUE,NA,NA,NA,FALSE,NA,"3860 Chartiers Ave
Windgap
Pittsburgh, PA 15204",NA,NA,NA,NA,NA,NA,NA,NA,NA,NA,NA,NA,no,TRUE,Pittsburgh,NA,NA,NA,3.5,NA,business,NA,NA,NA,NA,1,NA,-80.077006,NA,NA,NA,NA,NA,FALSE,NA,NA,NA,NA,NA,NA,NA,NA,NA,NA,NA,NA,NA,NA,NA,NA,NA,NA,[u'Windgap'],NA,NA,NA,NA,NA
NA,NA,NA,9:00,NA,NA,NA,NA,9:00,"[u'Shopping', u'Home Services', u'Movers', u'Home & Garden', u'Antiques', u'Home Decor']",40.4499962,NA,NA,NA,NA,NA,CxAupi9tjzTaGG5Fasu9Eg,NA,NA,9:00,NA,NA,Paul's Clock Repair,8:00,NA,NA,NA,NA,NA,NA,NA,NA,NA,NA,NA,NA,NA,5,NA,PA,FALSE,14:00,NA,NA,NA,NA,"1234 Straka St
Crafton Heights
Pittsburgh, PA 15204",14:00,NA,NA,NA,NA,NA,NA,9:00,NA,NA,NA,14:00,NA,TRUE,Pittsburgh,NA,NA,NA,5,NA,business,NA,NA,NA,NA,NA,NA,-80.0575565,19:00,NA,14:00,14:00,NA,NA,NA,NA,NA,NA,NA,NA,NA,NA,NA,NA,NA,NA,9:00,NA,NA,NA,NA,NA,[u'Crafton Heights'],NA,NA,NA,NA,NA
NA,NA,NA,10:00,NA,NA,NA,NA,10:00,"[u'Food', u'Beer, Wine & Spirits']",40.463717,NA,NA,NA,NA,TRUE,s74Tq6WKV1b91UFRr7ch7g,NA,NA,10:00,NA,NA,Pistella Beer Distributors,10:00,NA,FALSE,NA,NA,NA,NA,NA,NA,NA,NA,FALSE,NA,NA,11,NA,PA,TRUE,21:00,NA,NA,FALSE,NA,"5514 Penn Ave
Friendship
Pittsburgh, PA 15206",21:00,NA,NA,NA,NA,NA,NA,10:00,NA,NA,NA,21:00,NA,TRUE,Pittsburgh,NA,NA,NA,4,NA,business,NA,NA,NA,NA,2,NA,-79.931884,21:00,NA,21:00,21:00,NA,FALSE,7:00,NA,NA,NA,NA,17:00,NA,NA,NA,NA,NA,NA,10:00,NA,NA,NA,NA,NA,[u'Friendship'],NA,NA,NA,NA,NA
NA,NA,NA,NA,NA,NA,NA,NA,NA,"[u'Pet Services', u'Pet Groomers', u'Pet Boarding/Pet Sitting', u'Pets']",40.4882149,NA,NA,NA,NA,NA,ljKPmpxxTJSEArW2T-ikFA,NA,NA,NA,NA,NA,Animal Elegance,NA,NA,NA,NA,NA,NA,NA,NA,NA,NA,NA,NA,NA,NA,10,NA,PA,NA,NA,NA,NA,NA,NA,"7315 Butler St
Morningside
Pittsburgh, PA 15206",NA,NA,NA,NA,NA,NA,NA,NA,NA,NA,NA,NA,NA,TRUE,Pittsburgh,NA,NA,NA,3.5,NA,business,NA,NA,NA,NA,NA,NA,-79.920642,NA,NA,NA,NA,NA,NA,NA,NA,NA,NA,NA,NA,NA,NA,NA,NA,NA,NA,NA,NA,NA,NA,NA,NA,[u'Morningside'],NA,NA,NA,NA,NA
FALSE,NA,NA,16:00,NA,NA,NA,NA,16:00,"[u'Tapas/Small Plates', u'Restaurants', u'Italian']",40.450249,TRUE,full_bar,FALSE,NA,FALSE,ZL6DNzyenFm9Kpz6uADlNg,FALSE,NA,16:00,FALSE,NA,Pino's Contemporary Italian Restaurant & Wine Bar,16:00,TRUE,TRUE,FALSE,NA,NA,NA,NA,NA,TRUE,FALSE,FALSE,NA,NA,46,NA,PA,TRUE,22:00,FALSE,NA,FALSE,TRUE,"6738 Reynolds St
Point Breeze
Pittsburgh, PA 15206",22:00,NA,NA,FALSE,NA,NA,TRUE,16:00,NA,FALSE,FALSE,22:00,no,TRUE,Pittsburgh,NA,TRUE,NA,2.5,NA,business,TRUE,FALSE,NA,FALSE,2,NA,-79.9145,21:00,NA,22:00,22:00,FALSE,FALSE,16:00,NA,NA,NA,FALSE,21:00,TRUE,NA,NA,NA,NA,NA,16:00,average,NA,casual,NA,TRUE,[u'Point Breeze'],NA,FALSE,NA,NA,FALSE
NA,NA,NA,NA,NA,NA,NA,NA,NA,"[u'Auto Repair', u'Automotive']",40.467794,NA,NA,NA,NA,NA,G-PlXGCY3G4zNOUzD61ZDA,NA,NA,NA,NA,NA,Brunos Garage,NA,NA,NA,NA,NA,NA,NA,NA,NA,NA,NA,NA,NA,NA,3,NA,PA,NA,NA,NA,NA,NA,NA,"518 Mellon St
East Liberty
Pittsburgh, PA 15206",NA,NA,NA,NA,NA,NA,NA,NA,NA,NA,NA,NA,NA,TRUE,Pittsburgh,NA,NA,NA,5,NA,business,NA,NA,NA,NA,NA,NA,-79.926611,NA,NA,NA,NA,NA,NA,NA,NA,NA,NA,NA,NA,NA,NA,NA,NA,NA,NA,NA,NA,NA,NA,NA,NA,[u'East Liberty'],NA,NA,NA,NA,NA
NA,NA,NA,8:30,NA,NA,NA,NA,8:30,"[u'Auto Repair', u'Automotive', u'Auto Parts & Supplies']",40.462105,NA,NA,NA,NA,NA,PWU8x7SJdc0ZI0oWOkPfww,NA,NA,8:30,NA,NA,Broadway Auto Parts,8:30,NA,NA,NA,NA,NA,NA,NA,NA,NA,NA,NA,NA,NA,3,NA,PA,NA,17:30,NA,NA,NA,NA,"6113 Broad St
East Liberty
Pittsburgh, PA 15206",17:30,NA,NA,NA,NA,NA,NA,NA,NA,NA,NA,17:30,NA,TRUE,Pittsburgh,NA,NA,NA,5,NA,business,NA,NA,NA,NA,NA,NA,-79.922481,17:30,NA,17:30,NA,NA,NA,NA,NA,NA,NA,NA,NA,NA,NA,NA,NA,NA,NA,8:30,NA,NA,NA,NA,NA,[u'East Liberty'],NA,NA,NA,NA,NA
NA,NA,NA,NA,NA,NA,NA,NA,NA,"[u'Auto Repair', u'Automotive']",40.457881,NA,NA,NA,NA,NA,l-dc5DeNBiHYJA1XO4cFPA,NA,NA,NA,NA,NA,Bastone Auto Service,NA,NA,NA,NA,NA,NA,NA,NA,NA,NA,NA,NA,NA,NA,10,NA,PA,NA,NA,NA,NA,NA,NA,"235 Carron St
Shadyside
Pittsburgh, PA 15206",NA,NA,NA,NA,NA,NA,NA,NA,NA,NA,NA,NA,NA,TRUE,Pittsburgh,NA,NA,NA,4,NA,business,NA,NA,NA,NA,NA,NA,-79.924269,NA,NA,NA,NA,NA,NA,NA,NA,NA,NA,NA,NA,NA,NA,NA,NA,NA,NA,NA,NA,NA,NA,NA,NA,[u'Shadyside'],NA,NA,NA,NA,NA
NA,NA,NA,NA,NA,NA,NA,NA,NA,"[u'Food', u'Grocery', u'Shopping', u'Drugstores']",40.458577,NA,NA,NA,NA,TRUE,BG4N0V93wml9kaU6YYRxRA,NA,NA,NA,NA,NA,Giant Eagle,NA,NA,FALSE,NA,NA,NA,NA,NA,NA,NA,NA,FALSE,NA,NA,10,NA,PA,TRUE,NA,NA,NA,FALSE,NA,"6320 Shakespeare St
Ste 7
Shadyside
Pittsburgh, PA 15206",NA,NA,NA,NA,NA,NA,NA,NA,NA,NA,NA,NA,NA,TRUE,Pittsburgh,NA,TRUE,NA,2.5,NA,business,NA,NA,NA,NA,2,NA,-79.921053,NA,NA,NA,NA,NA,FALSE,NA,NA,NA,NA,NA,NA,NA,NA,NA,NA,NA,NA,NA,NA,NA,NA,NA,NA,[u'Shadyside'],FALSE,NA,NA,NA,NA
NA,NA,NA,9:00,NA,NA,NA,NA,9:00,"[u'Hair Salons', u""Men's Hair Salons"", u'Beauty & Spas']",40.458335,NA,NA,NA,NA,FALSE,rM-yscH8mBLYvpWnmvuPMw,NA,NA,9:00,NA,NA,Supercuts,9:00,NA,FALSE,NA,NA,NA,NA,NA,NA,NA,NA,FALSE,NA,NA,7,NA,PA,TRUE,20:00,NA,NA,FALSE,NA,"219 S Highland Ave
Shadyside Plaza
Shadyside
Pittsburgh, PA 15206",20:00,NA,NA,NA,NA,NA,NA,9:00,NA,NA,NA,20:00,NA,TRUE,Pittsburgh,NA,NA,NA,2,NA,business,NA,NA,NA,NA,1,NA,-79.924717,20:00,NA,20:00,18:00,TRUE,FALSE,10:00,NA,NA,NA,NA,17:00,NA,TRUE,NA,NA,NA,NA,9:00,NA,NA,NA,NA,NA,[u'Shadyside'],NA,NA,NA,NA,NA
NA,NA,NA,NA,NA,NA,NA,NA,NA,"[u'Pizza', u'Restaurants']",40.4852511,FALSE,NA,NA,NA,FALSE,OcTG-KzDleuRub-pb6JS3Q,NA,NA,NA,FALSE,NA,Eddie's Pizza Haus,NA,NA,FALSE,NA,NA,NA,NA,NA,NA,FALSE,FALSE,FALSE,NA,NA,5,NA,PA,TRUE,NA,FALSE,NA,FALSE,TRUE,"1744 Chislett St
Morningside
Pittsburgh, PA 15206",NA,NA,NA,FALSE,NA,NA,FALSE,NA,NA,NA,TRUE,NA,NA,TRUE,Pittsburgh,NA,NA,NA,4,NA,business,NA,NA,NA,FALSE,1,NA,-79.9259794,NA,NA,NA,NA,TRUE,FALSE,NA,NA,NA,NA,NA,NA,NA,NA,NA,NA,NA,NA,NA,NA,NA,casual,NA,TRUE,[u'Morningside'],NA,NA,NA,NA,NA
